,mean,std
rsi_6,53.40558377594266,19.067710626393136
rsi_10,53.12693343186175,15.143924784886627
rsi_14,52.956855204053184,12.985828587385418
rsi_18,52.83791037979775,11.576015776531532
rsi_22,52.745571439326774,10.560779012643488
rsi_26,52.66949191920072,9.781491918207582
rsi_30,52.60485415897077,9.156929640545709
rsi_34,52.548987619332316,8.641077341538743
rsi_36,52.52377363689015,8.414614758733475
ema_20,135.29029471571408,16.495873905451575
ema_50,135.1987707897091,16.521087777875664
ema_100,135.04701999253498,16.55424479588847
ema_200,134.7518779271395,16.60803736627799
atr_6,0.4599889412494806,0.253917944810849
atr_10,0.45994531098490093,0.23634865003532382
atr_14,0.45989256522925615,0.22579542666916672
atr_18,0.4598126009530406,0.21880522475578762
atr_22,0.4597326751461421,0.21407858201191887
atr_26,0.45965416049591357,0.21032484517793518
atr_30,0.4595716304418894,0.20717425057368166
atr_34,0.4594916560105278,0.20455338753395882
atr_38,0.4594195944424435,0.20215012879265318
atr_42,0.4593535709585816,0.19995242980455905
atr_46,0.459284511857598,0.19801070924633862
atr_50,0.4592143094611442,0.19619550088298174
atr_54,0.4591446440005541,0.19451416743124786
atr_56,0.45911260222052913,0.19374548226899696
stoch_3,55.01303710453248,23.666208653881665
stoch_4,55.423951522113875,24.834729794422824
stoch_5,55.746364118848874,25.631122338672743
stoch_6,56.037334492971326,26.204103857509196
stoch_7,56.26609113051669,26.641470873917623
stoch_8,56.465879204026876,26.985858381060044
stoch_9,56.6267014701025,27.285710138142743
stoch_10,56.772896958443,27.547188336994676
stoch_11,56.87207271579166,27.78722375900458
stoch_12,56.967335753860645,27.986830330157883
stoch_13,57.061615893123694,28.147529224861245
stoch_14,57.1634253786217,28.273611447681432
stoch_15,57.25580348767281,28.371313734789254
stoch_16,57.33274369533038,28.452569478134098
stoch_17,57.390839155786125,28.518969095482607
stoch_18,57.42837658843884,28.576128253166335
stoch_19,57.46129031309461,28.63751391827203
stoch_20,57.50336665146281,28.697916050965585
stoch_21,57.54661190288544,28.758043647117145
stoch_22,57.604778641518216,28.816247705924454
stoch_23,57.6613754260313,28.875686576241858
stoch_24,57.715289519461145,28.925171665386014
stoch_25,57.77012925326914,28.96486258249975
stoch_26,57.8245195923078,28.989492736930856
cci_4,8.933792225626819,89.41277937920977
cci_6,11.244160598082837,98.77184096368046
cci_8,12.822076840134368,103.683349240715
cci_10,14.227242780518077,107.05685811171958
cci_12,15.32522901292146,109.35827947492376
cci_14,15.947046653722122,110.77764632456362
cci_16,16.490037174686243,111.70728931832913
cci_18,16.723183550538856,112.54227687492988
cci_20,16.809637509745116,113.0028794045653
cci_22,16.883535024223576,113.20988341380185
cci_24,17.088225726854134,113.45092230028595
cci_26,17.471151695140602,113.46019227581195
cci_28,17.894831422590386,113.37400264188419
cci_30,18.343867885977286,113.41170860507418
cci_32,18.79153910015515,113.4732004565768
cci_34,19.24161546591633,113.5066282548012
cci_36,19.70462327048206,113.60048085422424
cci_38,20.160520062461558,113.70506762747756
cci_40,20.59100646710902,113.73161713910693
wpr_4,-44.66394161809254,29.56824471478718
wpr_6,-43.97653184344369,29.695250425819356
wpr_8,-43.54978167794708,29.716773677113125
wpr_10,-43.19864890648566,29.845565266490734
wpr_12,-43.02416394129658,29.950962042749723
wpr_14,-42.814705264313616,29.985560815707778
wpr_16,-42.63776729397701,29.99187112743471
wpr_18,-42.542514057016206,29.98581023256423
wpr_20,-42.48572012684859,29.973588377858782
wpr_22,-42.378052075949576,29.98409576330886
wpr_24,-42.26531742039618,30.020959746850334
wpr_26,-42.16443707107218,30.01079582619055
wpr_28,-42.0506114340435,29.995154228955577
wpr_30,-41.962399311368614,29.97828120954296
wpr_32,-41.87665323916609,29.974308149564518
wpr_34,-41.78443412491897,29.943718391184312
wpr_36,-41.686104849146695,29.93805589479727
wpr_38,-41.59283994172877,29.941373716386998
wpr_40,-41.48891631463638,29.90776045883744
adx_4,56.45370393875606,18.871544675399555
adx_6,46.944194191180216,16.80063811323709
adx_8,41.10356784599391,15.299636336809055
adx_10,37.05730190760216,14.135943261691816
adx_12,34.053371528767144,13.224985304011105
adx_14,31.71915149476659,12.508499136371114
adx_16,29.82975215804959,11.931636888173694
adx_18,28.27058383403657,11.45592350569764
adx_20,26.955551473080757,11.05571729125103
adx_22,25.81767876733897,10.715478994843973
adx_24,24.83160389318604,10.419006649496383
adx_26,23.96978324361546,10.154900961374022
adx_28,23.194646217622935,9.918678325752582
adx_30,22.50118525338828,9.703417803954274
adx_32,21.87088170361823,9.506701915588854
adx_34,21.29678576020501,9.325637683154282
adx_36,20.771831131834052,9.156479082534211
ema_long,134.63636702058596,16.627696713946133
macd,0.04263546007757307,0.38965235655687974
macd_signal,0.042595958138246307,0.3773008097348391
macd_hist,3.950186590940528e-05,0.1421186589741982
bb_position,0.5567292925072724,0.33912127981383067
hour,9.996398393129242,6.832313523485256
dow,3.0009696633882808,1.4148498651245276
session_london,0.4997922149882255,0.5000346012559919
session_ny,0.33314863554508933,0.4713718386817381
session_asia,0.5003463083529575,0.5000345244957983
hour_sin,0.00035989419587200447,0.7071801659622837
hour_cos,0.00034630835295747334,0.7071311970417319
dow_sin,0.155678624219421,0.744316150611343
dow_cos,-0.32445338263471396,0.5626795368369499
month_sin,0.059719000914254056,0.697490309555579
month_cos,-0.017073441612411713,0.7139940045724499
session_london_ny_overlap,0.16650505610195318,0.37255919923388037
session_active_count,1.3332871588862723,0.4714208556406822
week_start,0.1998891813270536,0.399944573792411
week_end,0.20030475135060258,0.4002561155898242
ret_1,5.2842118021886684e-05,0.002506934329338105
ret_3,0.00015915816595096275,0.004375780951903797
ret_5,0.0002646642942235766,0.005686169400807731
ret_10,0.0005261216484277601,0.00799627119580656
ret_20,0.0010402461476658818,0.010966151217223212
close_zscore,0.27864291920487605,1.3654637762815602
pct_rank,0.5974234658539964,0.3466700089578806
sharpe_20,0.05536327135337304,0.2433912498392186
hl_range,0.0033329400235489683,0.0025187306525242073
body_size,0.00164173505887242,0.001892123242407567
d1_rsi,54.853189907949854,12.413276580488738
d1_ema_fast,134.49394670449507,16.64805015446499
d1_ema_slow,131.016767426753,16.470662010813662
d1_trend_dir,0.6606178141016761,0.7507743995875497
d1_atr,1.1706361288280926,0.48791614658149296
d1_atr_pct,0.4589015099044189,0.3224657004201368
d1_adx,35.01400942508796,14.486304523234736
d1_alignment,0.5793046128272614,0.49370492459247917
atr_percentile_100,0.5024089209031721,0.3151377656752314
atr_zscore_100,0.06927162936279263,1.2410939323499903
vol_state,1.0203629311538995,0.8369420425187831
adx_trending,0.6419171630419725,0.4794698882551307
adx_strong,0.2220529159163319,0.41565533720891
range_pos_50,0.5900786103144479,0.29784048797839147
range_pos_20,0.5751427986964953,0.2997358936580131
dist_ema50,0.0012029642166505059,0.008616449118579743
dist_ema200,0.00479739467377753,0.01843782061066572
ex_tema,135.34817290482337,16.482140374312966
ex_dema,135.3481398662128,16.48363795661786
ex_ama,135.3151279118742,16.48187863462053
ex_env_upper,135.44378717578613,16.51106173046149
ex_env_lower,135.17317021838343,16.478072596137014
ex_env_position,0.6637655129477766,2.5829197504251633
ex_fractal_up,17.479790968278152,45.92687771015874
ex_fractal_down,17.97234201412938,46.17471277080844
ex_rvi,0.038806184899570585,0.19750589289653317
ex_rvi_signal,0.038749891241169135,0.1923339491849845
ex_obv,2226108.8280925336,1821638.301768791
ex_mfi,52.60002529228702,16.6458988395052
ex_ac,8.600860506995454e-05,0.25646896497741545
ex_adxw,26.195925658945836,10.357866990842505
ex_adxw_plus_di,21.723816035691925,7.351297292121411
ex_adxw_minus_di,21.25624979467932,7.789891048341743
ex_chv,5.070588058424989,39.21703369429395
ex_pvt,-2844.667518422751,5044.193509686404
ex_roc,0.05534805478182574,0.8753492518124791
ex_wpr,-42.814705264313616,29.985560815707778
candle_hammer,0.34201412938080067,0.8978413233214207
candle_engulfing,0.008865493835711318,0.39661784761618524
candle_inside,0.1651198226901233,0.3713143857824367
candle_outside,0.12827261393544812,0.3344162806904231
candle_star,-0.0030475135060257655,0.27146886400599196
candle_soldiers,0.036985732095858155,0.4808791822115745
candle_marubozu,0.0545781964260978,0.8178949242102955
candle_harami,-0.004432746917855659,0.25568032484579284
candle_piercing,0.0006926167059149467,0.18196480191557554
candle_mathold,0.0,1e-08
