side,entry,sl,tp,lots,open_idx,open_time,mfe,mae,exit,exit_time,close_idx,bars_held,pnl_pct,pnl_dollars,swap_pct,mae_pct,mfe_pct,reason,ambiguous
short,148.60527299999998,0,0,1.0,20,2025-08-22 08:00:00,-0.000664357313889024,-0.000664357313889024,148.7337408,2025-08-22 12:00:00,21,1,-0.0009644901853516996,-9.644901853516997,0.0,-0.000664357313889024,-0.000664357313889024,signal,False
long,146.7333408,0,0,1.0,22,2025-08-22 16:00:00,0.0009654193057123682,0.0009654193057123682,146.845625,2025-08-22 20:00:00,23,1,0.000665226221851311,6.645846176892968,0.0,0.0009654193057123682,0.0009654193057123682,signal,False
long,147.26144639999998,0,0,1.0,25,2025-08-25 04:00:00,0.0018643956494509798,0.00017352539055343261,147.50649280000002,2025-08-25 16:00:00,28,3,0.0015640227703212022,15.63553711184432,0.0,0.00017352539055343261,0.0018643956494509798,signal,False
long,147.13942200000002,0,0,1.0,30,2025-08-26 00:00:00,0.004292377878173002,0.0027496234149947014,147.5144912,2025-08-26 12:00:00,33,3,0.0024490734903116883,24.521682574810697,0.0,0.0027496234149947014,0.004292377878173002,signal,False
long,147.3364614,0,0,1.0,34,2025-08-26 16:00:00,0.004971875888964428,0.00015297367525903203,147.3295282,2025-08-27 16:00:00,40,6,-0.00014705691947608943,-1.4760335598935967,0.0,0.00015297367525903203,0.004971875888964428,signal,False
long,147.21643740000002,0,0,1.0,44,2025-08-28 08:00:00,-0.0007773411856794064,-0.0007773411856794064,147.0725796,2025-08-28 12:00:00,45,1,-0.0010771857174422179,-10.810293455710976,0.0,-0.0007773411856794064,-0.0007773411856794064,signal,False
long,147.3504642,0,0,1.0,51,2025-08-29 12:00:00,0.009986638372599018,-0.0029688688283073202,147.9084124,2025-09-03 16:00:00,70,19,0.003686538461410551,36.957075597791395,0.0,-0.0029688688283073202,0.009986638372599018,signal,False
short,148.04238560000002,0,0,1.0,71,2025-09-03 20:00:00,0.00010392699318964708,0.00010392699318964708,148.0566054,2025-09-04 00:00:00,72,1,-0.0001960522214117713,-1.9726439097788913,0.0,0.00010392699318964708,0.00010392699318964708,signal,False
long,147.3264594,0,0,1.0,81,2025-09-05 12:00:00,0.006872768164820189,-0.00127240823381923,148.3093322,2025-09-08 00:00:00,84,3,0.0065713936111872345,66.10727521348161,0.0,-0.00127240823381923,0.006872768164820189,signal,False
short,146.5946752,0,0,1.0,92,2025-09-09 08:00:00,-0.002246499059742075,-0.004613570029588461,147.3004542,2025-09-09 16:00:00,94,2,-0.0049144927435944025,-49.76397435837796,0.0,-0.004613570029588461,-0.002246499059742075,signal,False
long,147.434481,0,0,1.0,95,2025-09-09 20:00:00,-8.465455241781724e-05,-0.0007357912427555655,147.2965348,2025-09-10 04:00:00,97,2,-0.001035644084507043,-10.435356478503966,0.0,-0.0007357912427555655,-8.465455241781724e-05,signal,False
short,147.49749459999998,0,0,1.0,99,2025-09-10 12:00:00,0.0008440455231975945,0.00026776454818496555,147.46248659999998,2025-09-11 04:00:00,103,4,0.00013734640439109407,1.3824965221122092,0.0,0.00026776454818496555,0.0008440455231975945,signal,False
short,147.8194302,0,0,1.0,104,2025-09-11 08:00:00,0.0051510833113738155,0.0019715283681292915,147.0874116,2025-09-11 16:00:00,106,2,0.00485211352803607,48.8469387382825,0.0,0.0019715283681292915,0.0051510833113738155,signal,False
short,147.17155979999998,0,0,1.0,107,2025-09-11 20:00:00,-0.0004038837400431738,-0.004922419800296251,147.9255792,2025-09-12 08:00:00,110,3,-0.005223404284256314,-52.839924562141384,0.0,-0.004922419800296251,-0.0004038837400431738,signal,False
long,147.5785098,0,0,1.0,114,2025-09-15 00:00:00,-0.001148607613870989,-0.0020904791654156947,147.3085324,2025-09-15 16:00:00,118,4,-0.0019293815296406802,-19.415662924552148,0.0,-0.0020904791654156947,-0.001148607613870989,signal,False
long,147.4704882,0,0,1.0,120,2025-09-16 00:00:00,-0.0031022356105551985,-0.0031022356105551985,146.9835974,2025-09-16 04:00:00,121,1,-0.00340161516343307,-34.164931685278496,0.0,-0.0031022356105551985,-0.0031022356105551985,signal,False
long,147.1274196,0,0,1.0,123,2025-09-16 12:00:00,-0.004420791187450365,-0.005243207568631902,146.4477046,2025-09-16 20:00:00,125,2,-0.004719907029212844,-47.2442545716831,0.0,-0.005243207568631902,-0.004420791187450365,signal,False
long,146.5633068,0,0,1.0,126,2025-09-17 00:00:00,0.008888262884090588,-0.0018852385773270926,147.83642680000003,2025-09-18 16:00:00,136,10,0.008586485231513856,85.54138975302897,0.0,-0.0018852385773270926,0.008888262884090588,signal,False
long,148.0366014,0,0,1.0,138,2025-09-19 00:00:00,0.0008470783496385451,-0.0034694217182967488,148.1323676,2025-09-22 00:00:00,144,6,0.0005469089339686376,5.49527001491924,0.0,-0.0034694217182967488,0.0008470783496385451,signal,False
long,147.8705682,0,0,1.0,147,2025-09-22 12:00:00,-0.0008762271057533831,-0.0011399712738779477,147.6724596,2025-09-22 20:00:00,149,2,-0.001439743279623185,-14.474265465666726,0.0,-0.0011399712738779477,-0.0008762271057533831,signal,False
short,149.7210498,0,0,1.0,170,2025-09-26 08:00:00,0.0006548831986617056,0.0006548831986617056,149.65292459999998,2025-09-26 12:00:00,171,1,0.0003550141753015256,3.563948704762429,0.0,0.0006548831986617056,0.0006548831986617056,signal,False
long,149.5188978,0,0,1.0,173,2025-09-26 20:00:00,-0.0022866527578161303,-0.011877413665632277,147.8114318,2025-09-30 20:00:00,185,12,-0.01151973372679572,-115.68641006982445,0.0,-0.011877413665632277,-0.0022866527578161303,signal,False
long,148.1376216,0,0,1.0,186,2025-10-01 00:00:00,-0.0027921441935719526,-0.009063339788357999,147.47549899999999,2025-10-03 16:00:00,202,16,-0.004569645137059522,-45.36181080796592,0.0,-0.009063339788357999,-0.0027921441935719526,signal,False
long,150.19203240000002,0,0,1.0,208,2025-10-06 16:00:00,0.0010118219826418546,0.0010118219826418546,150.31393119999998,2025-10-06 20:00:00,209,1,0.0007116196182452639,7.031803074721313,0.0,0.0010118219826418546,0.0010118219826418546,signal,False
long,150.44508299999998,0,0,1.0,211,2025-10-07 04:00:00,0.01276158025051591,0.0023059377753144586,152.334527,2025-10-08 04:00:00,217,6,0.012459027934465803,123.20033523471142,0.0,0.0023059377753144586,0.01276158025051591,signal,False
short,152.67345920000002,0,0,1.0,222,2025-10-09 00:00:00,0.01018159415621615,-0.0025252640637094615,152.29445280000002,2025-10-13 20:00:00,239,17,0.002382464221260067,23.85237203533904,0.0,-0.0025252640637094615,0.01018159415621615,signal,False
long,151.860366,0,0,1.0,245,2025-10-14 20:00:00,-0.0014906193496202489,-0.004401187864910004,151.1617616,2025-10-15 16:00:00,250,5,-0.004700307627337034,-47.169897274662205,0.0,-0.004401187864910004,-0.0014906193496202489,signal,False
long,150.73714139999998,0,0,1.0,252,2025-10-16 00:00:00,0.0020025495853008314,0.0020025495853008314,151.0087922,2025-10-16 04:00:00,253,1,0.0017021490753837748,17.00161239271453,0.0,0.0020025495853008314,0.0020025495853008314,signal,False
long,150.42607919999998,0,0,1.0,256,2025-10-16 16:00:00,-4.7060988610572014e-05,-4.7060988610572014e-05,150.3889162,2025-10-16 20:00:00,257,1,-0.0003470515764128491,-3.4723631967734407,0.0,-4.7060988610572014e-05,-4.7060988610572014e-05,signal,False
long,150.25904580000002,0,0,1.0,258,2025-10-17 00:00:00,0.000978005678244377,-0.0031947880238703576,150.37591880000002,2025-10-17 16:00:00,262,4,0.0006778100771088365,6.779355301950271,0.0,-0.0031947880238703576,0.000978005678244377,signal,False
long,150.62811960000002,0,0,1.0,265,2025-10-20 04:00:00,0.006505295310079571,-0.0002929041411203817,151.5776784,2025-10-21 08:00:00,272,7,0.006203994251017503,62.09348430990996,0.0,-0.0002929041411203817,0.006505295310079571,signal,False
long,151.9523844,0,0,1.0,275,2025-10-21 20:00:00,-0.0012660834560751307,-0.0021347766359894895,151.6586622,2025-10-22 08:00:00,278,3,-0.0020329884237077532,-20.473664697578446,0.0,-0.0021347766359894895,-0.0012660834560751307,signal,False
long,151.95838559999999,0,0,1.0,279,2025-10-22 12:00:00,0.0012807085257689529,-0.001292364348466631,152.1225694,2025-10-23 00:00:00,282,3,0.000980452384063876,9.853791606160954,0.0,-0.001292364348466631,0.0012807085257689529,signal,False
short,152.5034932,0,0,1.0,285,2025-10-23 12:00:00,-0.0014131269748513917,-0.0014131269748513917,152.7495438,2025-10-23 16:00:00,286,1,-0.0017134096002463868,-17.23707847407258,0.0,-0.0014131269748513917,-0.0014131269748513917,signal,False
long,152.9195778,0,0,1.0,289,2025-10-24 04:00:00,0.00019894247968539326,-0.0016190065625463436,152.86042179999998,2025-10-27 00:00:00,294,5,-0.0004868438616630156,-4.889308029285064,0.0,-0.0016190065625463436,0.00019894247968539326,signal,False
long,153.1676274,0,0,1.0,295,2025-10-27 04:00:00,-0.001133577655718043,-0.002295703119313213,152.83842620000001,2025-10-27 20:00:00,299,4,-0.002249287062730669,-22.578292789498416,0.0,-0.002295703119313213,-0.001133577655718043,signal,False
long,152.52649920000002,0,0,1.0,300,2025-10-28 00:00:00,-0.002579874330453445,-0.004271383683603338,152.1025734,2025-10-28 12:00:00,303,3,-0.0028793583555873437,-28.837923216149484,0.0,-0.004271383683603338,-0.002579874330453445,signal,False
long,152.1414222,0,0,1.0,304,2025-10-28 16:00:00,0.014109095136354109,-0.0033352008457826006,154.10217340000003,2025-10-31 12:00:00,321,17,0.012787688123636015,127.7050303470975,0.0,-0.0033352008457826006,0.014109095136354109,signal,False
long,153.41667719999998,0,0,1.0,333,2025-11-04 12:00:00,0.0017815716321616226,-0.0016535177571944577,153.659262,2025-11-05 08:00:00,338,5,0.001481215317835286,14.981406103096333,0.0,-0.0016535177571944577,0.0017815716321616226,signal,False
short,153.8402258,0,0,1.0,342,2025-11-06 00:00:00,-0.0002715427631671604,-0.0002715427631671604,153.9127764,2025-11-06 04:00:00,343,1,-0.0005715970717198439,-5.7898483008568205,0.0,-0.0002715427631671604,-0.0002715427631671604,signal,False
long,153.0446028,0,0,1.0,346,2025-11-06 16:00:00,0.000557988968167576,0.00010714000820681088,153.099374,2025-11-07 00:00:00,348,2,0.0002578773703740481,2.610610679427299,0.0,0.00010714000820681088,0.000557988968167576,signal,False
long,153.3896718,0,0,1.0,351,2025-11-07 12:00:00,-0.0019275861049205794,-0.0019275861049205794,153.0633812,2025-11-07 16:00:00,352,1,-0.002227200587699497,-22.5527855401434,0.0,-0.0019275861049205794,-0.0019275861049205794,signal,False
long,153.86176619999998,0,0,1.0,354,2025-11-10 00:00:00,0.0030497102144925988,-0.000563923072917196,154.044185,2025-11-11 16:00:00,364,10,0.0010856018847651965,10.968395617490579,0.0,-0.000563923072917196,0.0030497102144925988,signal,False
long,154.1768292,0,0,1.0,365,2025-11-11 20:00:00,0.004949970783288179,0.0009480724228049015,154.909012,2025-11-12 12:00:00,369,4,0.004648980789131471,47.02204195622725,0.0,0.0009480724228049015,0.004949970783288179,signal,False
long,154.7639466,0,0,1.0,372,2025-11-13 00:00:00,0.001195713885988581,-0.001531019369856327,154.4960946,2025-11-13 08:00:00,374,2,-0.001830713165982321,-18.6028029555971,0.0,-0.001531019369856327,0.001195713885988581,signal,False
long,154.6789296,0,0,1.0,375,2025-11-13 12:00:00,-0.0023398765490293145,-0.0023398765490293145,154.28613660000002,2025-11-13 16:00:00,376,1,-0.0026394085737194246,-26.771265855591903,0.0,-0.0023398765490293145,-0.0023398765490293145,signal,False
long,154.53490079999997,0,0,1.0,378,2025-11-14 00:00:00,0.0022978576241465595,-0.0028983795743309864,154.85902199999998,2025-11-17 12:00:00,387,9,0.0019973980526217005,20.2059423669183,0.0,-0.0028983795743309864,0.0022978576241465595,signal,False
long,155.1890316,0,0,1.0,388,2025-11-17 16:00:00,0.0002833215694865599,-0.0006832415854832511,155.1399658,2025-11-18 12:00:00,393,5,-0.0004161679629940673,-4.218419115789166,0.0,-0.0006832415854832511,0.0002833215694865599,signal,False
short,157.5264884,0,0,1.0,403,2025-11-20 04:00:00,0.0062560170674128245,-0.0002952620887599391,156.57230819999998,2025-11-21 16:00:00,412,9,0.00595726827082641,60.35975418207166,0.0,-0.0002952620887599391,0.0062560170674128245,signal,False
short,156.6906556,0,0,1.0,414,2025-11-24 00:00:00,0.0006998222043307656,-0.0014190022956288991,156.9153768,2025-11-24 20:00:00,419,5,-0.001534171036807994,-15.63700650842619,0.0,-0.0014190022956288991,0.0006998222043307656,signal,False
long,156.766347,0,0,1.0,421,2025-11-25 04:00:00,-0.0006592422543339943,-0.012281634654662126,154.81003180000002,2025-12-01 12:00:00,447,26,-0.012579178327731127,-128.01631380247431,0.0,-0.012281634654662126,-0.0006592422543339943,signal,False
long,155.3820702,0,0,1.0,448,2025-12-01 16:00:00,0.0037515898665122596,0.00032133565948589754,155.933807,2025-12-02 08:00:00,452,4,0.0034508395485389454,34.67688604659272,0.0,0.00032133565948589754,0.0037515898665122596,signal,False
short,155.79183540000002,0,0,1.0,455,2025-12-02 20:00:00,0.004273878655389537,0.000634406801526217,155.1570252,2025-12-03 16:00:00,460,5,0.003974733431120693,40.07923587355143,0.0,0.000634406801526217,0.004273878655389537,signal,False
long,155.251044,0,0,1.0,461,2025-12-03 20:00:00,6.412839323636566e-05,-0.0028150792982752143,154.7830372,2025-12-04 08:00:00,464,3,-0.003114516282415543,-31.530061237225315,0.0,-0.0028150792982752143,6.412839323636566e-05,signal,False
long,154.8329604,0,0,1.0,465,2025-12-04 12:00:00,0.0006654887934314577,0.0006654887934314577,154.9050128,2025-12-04 16:00:00,466,1,0.0003653556956727815,3.687188687570202,0.0,0.0006654887934314577,0.0006654887934314577,signal,False
long,155.3170572,0,0,1.0,472,2025-12-05 16:00:00,0.006611912551740006,-0.0025628685424255028,156.3127312,2025-12-09 12:00:00,483,11,0.006310590169229707,63.71007261936571,0.0,-0.0025628685424255028,0.006611912551740006,signal,False
short,156.8846168,0,0,1.0,484,2025-12-09 16:00:00,0.00011229144296837903,0.00011229144296837903,156.8983734,2025-12-09 20:00:00,485,1,-0.00018768609874307045,-1.9067874015194086,0.0,0.00011229144296837903,0.00011229144296837903,signal,False
long,156.7383414,0,0,1.0,486,2025-12-10 00:00:00,-0.00020634006785532485,-0.00020634006785532485,156.6746588,2025-12-10 04:00:00,487,1,-0.0005062987998416629,-5.142751575442327,0.0,-0.00020634006785532485,-0.00020634006785532485,signal,False
short,156.78463680000002,0,0,1.0,488,2025-12-10 08:00:00,0.0014774202672389529,0.0014774202672389529,156.58431059999998,2025-12-10 12:00:00,489,1,0.0011777157512925063,11.95664109330339,0.0,0.0014774202672389529,0.0014774202672389529,signal,False
short,156.27273920000002,0,0,1.0,490,2025-12-10 16:00:00,0.00661496819785708,0.001329337420355528,155.5941126,2025-12-11 20:00:00,497,7,0.004242578260764431,43.12307743901796,0.0,0.001329337420355528,0.00661496819785708,signal,False
short,155.70985180000002,0,0,1.0,499,2025-12-12 04:00:00,-0.00045692805675113927,-0.0021588113797175175,155.8121562,2025-12-12 16:00:00,502,3,-0.0007570194423624772,-7.727260411537506,0.0,-0.0021588113797175175,-0.00045692805675113927,signal,False
long,155.83116,0,0,1.0,503,2025-12-12 20:00:00,0.0006342762256277601,-0.007425729231560649,155.5628812,2025-12-18 12:00:00,525,22,-0.0018215991974905319,-18.5798604281147,0.0,-0.007425729231560649,0.0006342762256277601,signal,False
short,157.16855999999999,0,0,1.0,530,2025-12-19 08:00:00,-0.0009890018716213161,-0.0009890018716213161,157.35546480000002,2025-12-19 12:00:00,531,1,-0.0012891996719956982,-13.125564044948757,0.0,-0.0009890018716213161,-0.0009890018716213161,signal,False
short,157.2615414,0,0,1.0,534,2025-12-22 00:00:00,0.005084150853935415,-0.0012365299123285214,156.49329239999997,2025-12-23 00:00:00,540,6,0.0047851676841063045,48.655808856474295,0.0,-0.0012365299123285214,0.005084150853935415,signal,False
long,156.3272592,0,0,1.0,544,2025-12-23 16:00:00,-0.0007692785034127463,-0.004300332542387368,155.9767984,2025-12-24 12:00:00,549,5,-0.0023418406219967757,-23.92588914267233,0.0,-0.004300332542387368,-0.0007692785034127463,signal,False
long,155.76614700000002,0,0,1.0,552,2025-12-25 00:00:00,0.005154220062976652,0.00025585148485436757,156.3577222,2025-12-30 20:00:00,572,20,0.0036978419020661404,37.69127677422902,0.0,0.00025585148485436757,0.005154220062976652,signal,False
long,156.4622862,0,0,1.0,573,2025-12-31 00:00:00,0.002222348966290435,0.0008290419573328392,156.778638,2025-12-31 12:00:00,576,3,0.0019219044964971677,19.661982403008203,0.0,0.0008290419573328392,0.002222348966290435,signal,False
long,156.85536480000002,0,0,1.0,577,2025-12-31 16:00:00,0.00034194048809463345,-0.001398516399357622,156.8776182,2026-01-02 04:00:00,580,3,4.1872099997070325e-05,0.4291944665720996,0.0,-0.001398516399357622,0.00034194048809463345,signal,False
short,156.8826172,0,0,1.0,581,2026-01-02 08:00:00,-0.0001362980831250297,-0.0001362980831250297,156.9353808,2026-01-02 12:00:00,582,1,-0.000436325342741615,-4.472578735365602,0.0,-0.0001362980831250297,-0.0001362980831250297,signal,False
short,156.73964579999998,0,0,1.0,583,2026-01-02 16:00:00,-0.0006402604745456596,-0.0006402604745456596,156.871368,2026-01-02 20:00:00,584,1,-0.0009403885266404813,-9.635302256626954,0.0,-0.0006402604745456596,-0.0006402604745456596,signal,False
long,157.211436,0,0,1.0,586,2026-01-05 04:00:00,-0.001809257692932717,-0.005619413081373985,156.4307076,2026-01-07 08:00:00,599,13,-0.005066104374238951,-51.85893056162,0.0,-0.005619413081373985,-0.001809257692932717,signal,False
long,156.64832339999998,0,0,1.0,601,2026-01-07 16:00:00,0.000617156940474624,0.000617156940474624,156.713651,2026-01-07 20:00:00,602,1,0.0003170335090864917,3.228857048362347,0.0,0.000617156940474624,0.000617156940474624,signal,False
long,156.9433824,0,0,1.0,603,2026-01-08 00:00:00,0.00011225449414057327,-0.0017355456205587546,156.9296078,2026-01-08 12:00:00,606,3,-0.00018776795675824905,-1.9129463701046743,0.0,-0.0017355456205587546,0.00011225449414057327,signal,False
short,156.8316274,0,0,1.0,608,2026-01-08 20:00:00,-0.002093790681406871,-0.00799821197289961,158.1176172,2026-01-12 16:00:00,619,11,-0.008299811615294186,-84.54111961645094,0.0,-0.00799821197289961,-0.002093790681406871,signal,False
long,158.14262219999998,0,0,1.0,620,2026-01-12 20:00:00,0.0021460236037493916,0.0021460236037493916,158.4503036,2026-01-13 00:00:00,621,1,0.0018455943990287234,18.643026600765843,0.0,0.0021460236037493916,0.0021460236037493916,signal,False
long,158.816757,0,0,1.0,622,2026-01-13 04:00:00,0.0032820403202163256,-0.00712618127569494,158.1103716,2026-01-21 16:00:00,661,39,-0.004547801436972976,-46.02379674002121,0.0,-0.00712618127569494,0.0032820403202163256,signal,False
short,158.2273482,0,0,1.0,662,2026-01-21 20:00:00,-0.0005097209864002402,-0.0030819691130993055,158.656725,2026-01-23 04:00:00,670,8,-0.0028136699495037104,-28.34487269718412,0.0,-0.0030819691130993055,-0.0005097209864002402,signal,False
long,158.036601,0,0,1.0,671,2026-01-23 08:00:00,0.0014515561493251858,-0.015348349588966421,155.5798778,2026-01-23 20:00:00,674,3,-0.01564527991904862,-157.16687305940312,0.0,-0.015348349588966421,0.0014515561493251858,signal,False
short,154.3931152,0,0,1.0,675,2026-01-26 00:00:00,0.001853160353875752,0.001853160353875752,154.1378214,2026-01-26 04:00:00,676,1,0.0015535309859464768,15.362051719369573,0.0,0.001853160353875752,0.001853160353875752,signal,False
short,153.63726640000002,0,0,1.0,677,2026-01-26 08:00:00,0.009478601345382984,-0.005628410477889066,153.5597058,2026-01-28 16:00:00,691,14,0.0004048293413272199,4.009363674718787,0.0,-0.005628410477889066,0.009478601345382984,signal,False
short,153.229348,0,0,1.0,693,2026-01-29 00:00:00,0.0021298008786149497,-0.00684367592558055,154.3088556,2026-01-30 08:00:00,701,8,-0.007145044660765636,-70.79200238477516,0.0,-0.00684367592558055,0.0021298008786149497,signal,False
long,154.39687320000002,0,0,1.0,702,2026-01-30 12:00:00,0.004133029295051686,0.00030523156993552693,155.003993,2026-02-02 00:00:00,705,3,0.0038322026891927526,37.69758490288588,0.0,0.00030523156993552693,0.004133029295051686,signal,False
long,154.8039546,0,0,1.0,707,2026-02-02 08:00:00,0.005265016659981388,0.0027198620415605133,155.438906,2026-02-03 00:00:00,711,4,0.004001648447164447,39.515284461092186,0.0,0.0027198620415605133,0.005265016659981388,signal,False
long,155.461086,0,0,1.0,712,2026-02-03 04:00:00,0.0026431952237875116,0.0026431952237875116,155.84082560000002,2026-02-03 08:00:00,713,1,0.0023426665847427696,23.225821774540393,0.0,0.0026431952237875116,0.0026431952237875116,signal,False
long,155.761146,0,0,1.0,716,2026-02-03 20:00:00,0.005834921116977343,0.0023873347721774804,156.638666,2026-02-04 16:00:00,721,5,0.005533754132754031,54.991641408149945,0.0,0.0023873347721774804,0.005834921116977343,signal,False
short,156.8296278,0,0,1.0,723,2026-02-05 00:00:00,0.0015215734638119767,-0.0031969227181956727,156.836361,2026-02-05 16:00:00,727,4,-0.00014293321417940355,-1.4282579074041117,0.0,-0.0031969227181956727,0.0015215734638119767,signal,False
short,156.72764819999998,0,0,1.0,730,2026-02-06 04:00:00,-0.0013038656698225884,-0.0020567640981167703,157.08141,2026-02-06 16:00:00,733,3,-0.0023571754509363546,-23.5506721759451,0.0,-0.0020567640981167703,-0.0013038656698225884,signal,False
short,156.598674,0,0,1.0,735,2026-02-09 00:00:00,0.0227311886433981,-0.0002830547594548106,153.86176619999998,2026-02-11 12:00:00,750,15,0.017377209289779885,173.20742797600843,0.0,-0.0002830547594548106,0.0227311886433981,signal,False
long,153.2666472,0,0,1.0,752,2026-02-11 20:00:00,0.002997082590321092,-0.004186476390800792,153.69525480000001,2026-02-18 08:00:00,779,27,0.002696483173803131,27.344261595296718,0.0,-0.004186476390800792,0.002997082590321092,signal,False
short,155.2729392,0,0,1.0,784,2026-02-19 04:00:00,0.0029878947509483266,0.0023052258934762545,154.94598299999998,2026-02-19 12:00:00,786,2,0.0020056869386550014,20.39393935874768,0.0,0.0023052258934762545,0.0029878947509483266,signal,False
short,154.9879962,0,0,1.0,787,2026-02-19 16:00:00,4.5140270030816926e-05,-0.0027679808147619877,155.0189976,2026-02-20 20:00:00,794,7,-0.0003000245229314608,-3.05678516874381,0.0,-0.0027679808147619877,4.5140270030816926e-05,signal,False
long,154.840962,0,0,1.0,797,2026-02-23 08:00:00,0.007847006272151817,-0.0029124205518692406,155.72284919999998,2026-02-24 16:00:00,805,8,0.005595438652725461,56.99174881969825,0.0,-0.0029124205518692406,0.007847006272151817,signal,False
short,155.7908356,0,0,1.0,806,2026-02-24 20:00:00,0.001250622985939005,-0.005797288374002277,156.3582654,2026-02-25 16:00:00,811,5,-0.0037422540376950454,-38.329610453347236,0.0,-0.005797288374002277,0.001250622985939005,signal,False
long,155.861166,0,0,1.0,813,2026-02-26 00:00:00,0.0005057962930933067,0.0005057962930933067,155.908812,2026-02-26 04:00:00,814,1,0.00020569513383477778,2.098924749609228,0.0,0.0005057962930933067,0.0005057962930933067,signal,False
long,156.19123199999999,0,0,1.0,816,2026-02-26 12:00:00,0.0012661914338445376,0.0012661914338445376,156.3577222,2026-02-26 16:00:00,817,1,0.0009659381955577813,9.858515270901936,0.0,0.0012661914338445376,0.0012661914338445376,signal,False
long,156.01019580000002,0,0,1.0,819,2026-02-27 00:00:00,0.011690288513822783,-0.0011550257922309907,157.6644608,2026-03-03 20:00:00,836,17,0.01050356979566063,107.3046145427,0.0,-0.0011550257922309907,0.011690288513822783,signal,False
long,157.2304398,0,0,1.0,839,2026-03-04 08:00:00,0.0040867417328180194,-0.0029729599471615418,157.8414254,2026-03-06 12:00:00,852,13,0.003785924384471462,39.083303116476664,0.0,-0.0029729599471615418,0.0040867417328180194,signal,False
long,157.7385414,0,0,1.0,854,2026-03-06 20:00:00,0.006222059563180392,0.005765608024064013,158.688256,2026-03-09 04:00:00,856,2,0.005920815151267736,61.3538654096543,0.0,0.005765608024064013,0.006222059563180392,signal,False
long,157.621518,0,0,1.0,861,2026-03-10 00:00:00,0.004926243636354188,-0.00032684623681911065,158.3663204,2026-03-11 08:00:00,869,8,0.004625258387626983,48.212563188185484,0.0,-0.00032684623681911065,0.004926243636354188,signal,False
short,158.943205,0,0,1.0,873,2026-03-12 00:00:00,0.00037249154501458513,-0.0024146675537340028,159.1238184,2026-03-13 00:00:00,879,6,-0.001236339235137473,-12.946905154356982,0.0,-0.0024146675537340028,0.00037249154501458513,signal,False
short,159.4720992,0,0,1.0,880,2026-03-13 04:00:00,0.0008785185665882848,-0.0015607796050131962,159.7529442,2026-03-13 20:00:00,884,4,-0.001861091760934187,-19.465198358647793,0.0,-0.0015607796050131962,0.0008785185665882848,signal,False
long,159.3308598,0,0,1.0,885,2026-03-16 00:00:00,0.0014444169841854697,-0.0032564928140807114,159.4141108,2026-03-18 12:00:00,900,15,0.00042250392739040483,4.410753450836393,0.0,-0.0032564928140807114,0.0014444169841854697,signal,False
long,159.8699676,0,0,1.0,902,2026-03-18 20:00:00,-0.0005940302698853472,-0.0060359529340393405,158.873219,2026-03-19 12:00:00,906,4,-0.006334745743452503,-66.15987454527657,0.0,-0.0060359529340393405,-0.0005940302698853472,signal,False
long,158.0756088,0,0,1.0,907,2026-03-19 16:00:00,0.007536843976399718,-0.0022116555656750926,159.2351466,2026-03-20 16:00:00,913,6,0.0072353366076045094,75.08692671328276,0.0,-0.0022116555656750926,0.007536843976399718,signal,False
short,159.4681,0,0,1.0,915,2026-03-23 00:00:00,0.006503495056377928,0.0002075650239765217,158.8487634,2026-03-24 12:00:00,924,9,0.0037837648407424243,39.55129242952899,0.0,0.0002075650239765217,0.006503495056377928,signal,False
long,158.91077579999998,0,0,1.0,928,2026-03-25 04:00:00,0.0007062088737220439,-0.0008732938298322157,158.9911954,2026-03-25 12:00:00,930,2,0.0004060676319473828,4.260642373346382,0.0,-0.0008732938298322157,0.0007062088737220439,signal,False
long,159.501894,0,0,1.0,933,2026-03-26 00:00:00,0.0008219714306340264,-0.0004382016930783594,159.60107340000002,2026-03-26 12:00:00,936,3,0.0005218070363479536,5.477254963998465,0.0,-0.0004382016930783594,0.0008219714306340264,signal,False
short,159.6290678,0,0,1.0,937,2026-03-26 16:00:00,0.00042641231285818704,-0.0032195401945459413,160.1750286,2026-03-27 16:00:00,943,6,-0.0035201841025847857,-36.96961796126356,0.0,-0.0032195401945459413,0.00042641231285818704,signal,False
long,160.2530442,0,0,1.0,944,2026-03-27 20:00:00,-0.002327844702497137,-0.00551655167871067,159.848024,2026-03-31 00:00:00,951,7,-0.0026273791335565504,-27.496083508687956,0.0,-0.00551655167871067,-0.002327844702497137,signal,False
long,159.606915,0,0,1.0,953,2026-03-31 08:00:00,0.0004391100473310066,-0.006753560771474032,159.59707419999998,2026-04-02 12:00:00,966,13,-0.00016165647647538523,-1.6873246157241057,0.0,-0.006753560771474032,0.0004391100473310066,signal,False
long,159.6529242,0,0,1.0,970,2026-04-03 04:00:00,0.0005892519693667661,-0.0016844301558994867,159.6360664,2026-04-06 20:00:00,980,10,-0.00020559029898430646,-2.145546541365365,0.0,-0.0016844301558994867,0.0005892519693667661,signal,False
long,159.76694700000002,0,0,1.0,982,2026-04-07 04:00:00,-0.0017522210022578777,-0.0017522210022578777,159.4551026,2026-04-07 08:00:00,983,1,-0.002051870558057371,-21.4089804505221,0.0,-0.0017522210022578777,-0.0017522210022578777,signal,False
long,159.936981,0,0,1.0,985,2026-04-07 16:00:00,-0.0022257579064845177,-0.0022257579064845177,159.5490838,2026-04-07 20:00:00,986,1,-0.0025253127549031175,-26.294757287388517,0.0,-0.0022257579064845177,-0.0022257579064845177,signal,False
long,158.71973759999997,0,0,1.0,987,2026-04-08 00:00:00,-0.002197191132452857,-0.004452739216221893,157.98139740000002,2026-04-08 12:00:00,990,3,-0.004751848668378555,-49.3535593145517,0.0,-0.004452739216221893,-0.002197191132452857,signal,False
long,158.45168399999997,0,0,1.0,991,2026-04-08 16:00:00,0.0025516674218496968,0.0006962122283284794,158.8242288,2026-04-09 00:00:00,993,2,0.002251157088365273,23.26982187169179,0.0,0.0006962122283284794,0.0025516674218496968,signal,False
long,158.76574680000002,0,0,1.0,994,2026-04-09 04:00:00,0.006149016520734645,-2.9898136693177523e-05,159.0321872,2026-04-14 08:00:00,1013,19,0.001578198259827625,16.35028712605885,0.0,-2.9898136693177523e-05,0.006149016520734645,signal,False
long,158.7447426,0,0,1.0,1014,2026-04-14 12:00:00,0.0005748688019858725,1.6214710219292083e-06,158.7822372,2026-04-15 00:00:00,1017,3,0.00013619427885230807,1.4132127612747978,0.0,1.6214710219292083e-06,0.0005748688019858725,signal,False
long,158.91077579999998,0,0,1.0,1021,2026-04-15 16:00:00,0.003506522431816153,-0.005479652311910682,158.6202696,2026-04-20 16:00:00,1039,18,-0.001928108877686202,-20.00964504553652,0.0,-0.005479652311910682,0.003506522431816153,signal,False
short,158.73324699999998,0,0,1.0,1040,2026-04-20 20:00:00,-0.001371817209787286,-0.00280188938616004,159.2098356,2026-04-21 12:00:00,1044,4,-0.0031024497640372325,-32.13471207620463,0.0,-0.00280188938616004,-0.001371817209787286,signal,False
long,159.3898716,0,0,1.0,1049,2026-04-22 08:00:00,0.0007223068746107406,-0.00019368608362680523,159.473099,2026-04-22 16:00:00,1051,2,0.0004221624132357881,4.359129263678509,0.0,-0.00019368608362680523,0.0007223068746107406,signal,False
long,159.3608658,0,0,1.0,1053,2026-04-23 00:00:00,0.0020778890622719505,0.000596973413280676,159.4241088,2026-04-23 16:00:00,1057,4,0.00029685401859808383,3.066524369903792,0.0,0.000596973413280676,0.0020778890622719505,signal,False
long,159.8229582,0,0,1.0,1059,2026-04-24 00:00:00,0.0009450569661649622,-0.004648632514173896,159.94200519999998,2026-04-29 12:00:00,1080,21,0.0006448679547716869,6.663512044809374,0.0,-0.004648632514173896,0.0009450569661649622,signal,False
short,160.2759384,0,0,1.0,1081,2026-04-29 16:00:00,0.02710287297871789,-0.0016288259024163354,156.0091956,2026-05-06 08:00:00,1109,28,0.026521231125482544,274.22436753748826,0.0,-0.0016288259024163354,0.02710287297871789,signal,False
short,156.2897358,0,0,1.0,1113,2026-05-07 00:00:00,3.6699786909464573e-05,-0.0004239830572418577,156.3152568,2026-05-07 12:00:00,1116,3,-0.00026329287313311647,-2.794598380422928,0.0,-0.0004239830572418577,3.6699786909464573e-05,signal,False
long,156.8753688,0,0,1.0,1120,2026-05-08 04:00:00,-0.00109238818885876,-0.00109238818885876,156.6726592,2026-05-08 08:00:00,1121,1,-0.0013921697112210488,-14.772640134561081,0.0,-0.00109238818885876,-0.00109238818885876,signal,False
long,156.6733284,0,0,1.0,1122,2026-05-08 12:00:00,0.0047530208721856945,-0.0003339968617146789,157.3865164,2026-05-12 00:00:00,1131,9,0.004452070268011248,47.176195558628336,0.0,-0.0003339968617146789,0.0047530208721856945,signal,False
long,157.64752320000002,0,0,1.0,1133,2026-05-12 08:00:00,0.0006436942232909875,-0.0006122722262980377,157.5754786,2026-05-12 20:00:00,1136,3,-0.0005569979821923809,-5.928485266136976,0.0,-0.0006122722262980377,0.0006436942232909875,signal,False
long,157.7505438,0,0,1.0,1138,2026-05-13 04:00:00,0.0005987694097571549,0.00035788275995778405,157.813431,2026-05-13 12:00:00,1140,2,0.00029864965587526426,3.1769484879887573,0.0,0.00035788275995778405,0.0005987694097571549,signal,False
long,157.8875712,0,0,1.0,1141,2026-05-13 16:00:00,0.001757128809389118,-0.00026329621568079966,158.133367,2026-05-14 16:00:00,1147,6,0.0014567773836272441,15.501403727247375,0.0,-0.00026329621568079966,0.001757128809389118,signal,False
long,158.3736684,0,0,1.0,1148,2026-05-14 20:00:00,0.002256256381568924,0.0006019409726571705,158.6992538,2026-05-15 20:00:00,1154,6,0.001955805130292696,20.84181938416759,0.0,0.0006019409726571705,0.002256256381568924,signal,False
long,158.96378639999998,0,0,1.0,1155,2026-05-18 00:00:00,0.0012343289276356936,-0.0017286100578186923,159.128168,2026-05-21 12:00:00,1176,21,0.0009340820618501128,9.973409352401545,0.0,-0.0017286100578186923,0.0012343289276356936,signal,False
long,159.1728282,0,0,1.0,1177,2026-05-21 16:00:00,7.361809256391135e-06,-0.001971619173629718,158.86822,2026-05-25 12:00:00,1188,11,-0.0020136947143846117,-21.520765748113824,0.0,-0.001971619173629718,7.361809256391135e-06,signal,False
long,158.926779,0,0,1.0,1189,2026-05-25 16:00:00,0.0004607216006057075,-0.000250297654368305,158.9682,2026-05-26 04:00:00,1192,3,0.0001606294562855609,1.7132228622790733,0.0,-0.000250297654368305,0.0004607216006057075,signal,False
long,159.25584479999998,0,0,1.0,1194,2026-05-26 12:00:00,0.0020040407333295662,-8.693432895586192e-05,159.3351266,2026-05-28 12:00:00,1206,12,0.000397826626706125,4.243774257741193,0.0,-8.693432895586192e-05,0.0020040407333295662,signal,False
long,159.2588454,0,0,1.0,1208,2026-05-28 20:00:00,0.006794941890241755,-0.0003883325905363491,159.9260084,2026-06-08 12:00:00,1248,40,0.0040891739094573885,43.63819187470963,0.0,-0.0003883325905363491,0.006794941890241755,max_hold,False
long,160.19203199999998,0,0,1.0,1249,2026-06-08 16:00:00,0.0021284953798451334,-0.0005807529802730376,160.5008934,2026-06-11 08:00:00,1265,16,0.0018280696807692163,19.58827519054228,0.0,-0.0005807529802730376,0.0021284953798451334,signal,False
long,159.92797919999998,0,0,1.0,1268,2026-06-11 20:00:00,0.0020448004260158496,0.0010255916495694169,160.05998160000001,2026-06-12 08:00:00,1271,3,0.0007253865312395135,7.786927552628981,0.0,0.0010255916495694169,0.0020448004260158496,signal,False
long,160.2860508,0,0,1.0,1272,2026-06-12 12:00:00,,,160.1959544,2026-06-12 16:00:00,1273,1,-0.0006620975721238064,-7.112684733267957,0.0,0.0,0.0,end,False
