side,entry,sl,tp,lots,open_idx,open_time,exit,exit_time,close_idx,bars_held,pnl_pct,pnl_dollars,reason
long,149.3068554,0,0,1.0,78,2024-03-18 00:00:00,149.14616479999998,2024-03-18 12:00:00,81,3,-0.0011762439512205377,-11.762439512205377,signal
short,149.1781584,0,0,1.0,84,2024-03-19 00:00:00,150.365067,2024-03-19 08:00:00,86,2,-0.008056316210966238,-80.46840017753969,signal
short,149.935007,0,0,1.0,85,2024-03-19 04:00:00,150.365067,2024-03-19 08:00:00,86,1,-0.002968309466914537,-29.409324994552822,signal
short,151.72764840000002,0,0,1.0,93,2024-03-20 12:00:00,151.545303,2024-03-27 00:00:00,120,27,0.0011017941484159392,10.88391906249788,signal
short,151.5826774,0,0,1.0,94,2024-03-20 16:00:00,151.545303,2024-03-27 00:00:00,120,26,0.00014656115488302142,1.4493789855613755,signal
short,150.58887620000002,0,0,1.0,96,2024-03-21 00:00:00,151.545303,2024-03-27 00:00:00,120,24,-0.006451244687753199,-63.80728153481,signal
short,151.2187502,0,0,1.0,123,2024-03-27 12:00:00,151.3642668,2024-03-28 16:00:00,130,7,-0.0010622920425380402,-10.439022643327545,signal
short,151.2837372,0,0,1.0,125,2024-03-27 20:00:00,151.3642668,2024-03-28 16:00:00,130,5,-0.0006323083729320083,-6.207021522535934,signal
short,151.38271740000002,0,0,1.0,126,2024-03-28 00:00:00,151.3642668,2024-03-28 16:00:00,130,4,2.18804914914457e-05,0.2146528686406141,signal
short,154.2631412,0,0,1.0,217,2024-04-18 04:00:00,154.6499238,2024-04-18 16:00:00,220,3,-0.002607291093590175,-25.578710539016377,signal
short,156.7806376,0,0,1.0,264,2024-04-30 00:00:00,153.7977534,2024-05-02 16:00:00,280,16,0.018925845574185883,185.18704740695833,signal
short,156.7226492,0,0,1.0,265,2024-04-30 04:00:00,153.7977534,2024-05-02 16:00:00,280,15,0.018562878753838736,185.0730668762883,signal
short,155.11497079999998,0,0,1.0,278,2024-05-02 08:00:00,153.7977534,2024-05-02 16:00:00,280,2,0.008391877948379022,85.22066072221034,signal
short,153.5322874,0,0,1.0,281,2024-05-02 20:00:00,153.0386016,2024-05-03 20:00:00,287,6,0.003115517780398865,31.904012831255322,signal
short,153.1153708,0,0,1.0,282,2024-05-03 00:00:00,153.0386016,2024-05-03 20:00:00,287,5,0.00040138140670591057,4.123094384723587,signal
short,152.1685602,0,0,1.0,285,2024-05-03 12:00:00,153.0386016,2024-05-03 20:00:00,287,2,-0.005817616036167181,-59.78405421257496,signal
short,155.5158906,0,0,1.0,304,2024-05-08 16:00:00,155.66012579999997,2024-05-09 16:00:00,310,6,-0.0010274627785205165,-10.497175789445032,signal
short,155.4359066,0,0,1.0,305,2024-05-08 20:00:00,155.66012579999997,2024-05-09 16:00:00,310,5,-0.0015425186876348476,-15.743103683327115,signal
short,155.5918754,0,0,1.0,306,2024-05-09 00:00:00,155.66012579999997,2024-05-09 16:00:00,310,4,-0.0005386501533227383,-5.48903859856633,signal
long,155.7921522,0,0,1.0,317,2024-05-10 20:00:00,156.3267284,2024-05-15 04:00:00,331,14,0.003331342288113044,33.92928899585048,signal
long,155.9601858,0,0,1.0,318,2024-05-13 00:00:00,156.3267284,2024-05-15 04:00:00,331,13,0.0022502318756535008,22.99466847590709,signal
long,156.61231619999998,0,0,1.0,327,2024-05-14 12:00:00,156.3267284,2024-05-15 04:00:00,331,4,-0.0019235334674143174,-19.700433943543157,signal
short,154.6810576,0,0,1.0,338,2024-05-16 08:00:00,155.3940726,2024-05-16 20:00:00,341,3,-0.004709581878110875,-48.14178763892574,signal
short,157.0565824,0,0,1.0,408,2024-06-03 00:00:00,157.4424822,2024-06-03 04:00:00,409,1,-0.00255707498598928,-26.015558157165817,signal
short,155.1919554,0,0,1.0,420,2024-06-05 00:00:00,156.1542246,2024-06-05 16:00:00,424,4,-0.006300509540071045,-63.93717033752627,signal
short,157.2825372,0,0,1.0,466,2024-06-14 16:00:00,157.9235784,2024-06-17 12:00:00,471,5,-0.004175730283933832,-42.10806112373488,signal
short,157.34752419999998,0,0,1.0,469,2024-06-17 04:00:00,157.9235784,2024-06-17 12:00:00,471,2,-0.0037610312296227143,-37.76786643099603,signal
short,157.848424,0,0,1.0,480,2024-06-19 00:00:00,157.8305598,2024-06-19 08:00:00,482,2,1.3173128671789048e-05,0.13178560400323955,signal
short,160.3169302,0,0,1.0,513,2024-06-26 12:00:00,161.02319820000002,2024-07-01 00:00:00,528,15,-0.004505448626785287,-45.07365751662644,signal
short,160.6588618,0,0,1.0,516,2024-06-27 00:00:00,161.02319820000002,2024-07-01 00:00:00,528,12,-0.002367764105372327,-23.58099239848222,signal
short,160.3669202,0,0,1.0,519,2024-06-27 12:00:00,161.02319820000002,2024-07-01 00:00:00,528,9,-0.004192352707039233,-41.65354154935081,signal
short,161.54168520000002,0,0,1.0,538,2024-07-02 16:00:00,161.7153366,2024-07-03 20:00:00,545,7,-0.0011749634051730377,-11.625025580067815,signal
short,160.50589240000002,0,0,1.0,559,2024-07-08 04:00:00,161.0842104,2024-07-09 08:00:00,566,7,-0.003703095134717729,-36.595178178449686,signal
short,161.05878180000002,0,0,1.0,560,2024-07-08 08:00:00,161.0842104,2024-07-09 08:00:00,566,6,-0.0002578839707824581,-2.5390551044103606,signal
short,161.65266300000002,0,0,1.0,577,2024-07-11 04:00:00,161.5633062,2024-07-11 08:00:00,578,1,0.00045277035553703597,4.456703583248673,signal
long,157.8495636,0,0,1.0,590,2024-07-15 08:00:00,158.1863564,2024-07-17 04:00:00,601,11,0.0020336314926624453,20.026479736922195,signal
long,157.99259220000002,0,0,1.0,591,2024-07-15 12:00:00,158.1863564,2024-07-17 04:00:00,601,10,0.0011264131963522241,11.115074672124742,signal
long,157.7435424,0,0,1.0,592,2024-07-15 16:00:00,158.1863564,2024-07-17 04:00:00,601,9,0.0027071767202813783,26.74361930256637,signal
short,156.21075159999998,0,0,1.0,602,2024-07-17 08:00:00,156.3302598,2024-07-17 16:00:00,604,2,-0.0008650446513824516,-8.568725358363892,signal
short,156.52868800000002,0,0,1.0,603,2024-07-17 12:00:00,156.3302598,2024-07-17 16:00:00,604,1,0.0011676794428892385,11.556477704748378,signal
short,156.3097318,0,0,1.0,607,2024-07-18 04:00:00,157.3904718,2024-07-18 20:00:00,611,4,-0.007014092856245254,-69.49926044279432,signal
short,156.4327072,0,0,1.0,608,2024-07-18 08:00:00,157.3904718,2024-07-18 20:00:00,611,3,-0.006222534201082919,-61.22362628538753,signal
short,156.62466880000002,0,0,1.0,624,2024-07-23 00:00:00,155.8121562,2024-07-23 16:00:00,628,4,0.005087641297026763,49.74591067464995,signal
short,156.27273920000002,0,0,1.0,625,2024-07-23 04:00:00,155.8121562,2024-07-23 16:00:00,628,3,0.0028473022765061634,27.981977950176947,signal
short,154.2681402,0,0,1.0,644,2024-07-26 08:00:00,154.2488436,2024-07-26 12:00:00,645,1,2.5084803479197664e-05,0.2472238402455238,signal
long,145.5411024,0,0,1.0,678,2024-08-05 00:00:00,144.10817260000002,2024-08-05 20:00:00,683,5,-0.009945533504767394,-98.02088608010601,signal
short,142.366521,0,0,1.0,680,2024-08-05 08:00:00,144.16582739999998,2024-08-05 20:00:00,683,3,-0.012738550042253105,-124.29956940571297,signal
short,142.21755080000003,0,0,1.0,681,2024-08-05 12:00:00,144.16582739999998,2024-08-05 20:00:00,683,2,-0.013799269809109642,-132.93456297740144,signal
short,146.1017738,0,0,1.0,697,2024-08-08 04:00:00,147.09341279999998,2024-08-08 12:00:00,699,2,-0.0068873166369455285,-65.43305165777579,signal
long,147.20643539999998,0,0,1.0,713,2024-08-12 20:00:00,147.2325476,2024-08-13 00:00:00,714,1,7.738490799722506e-05,0.7301329107519379,signal
long,147.8715684,0,0,1.0,716,2024-08-13 08:00:00,147.060582,2024-08-14 00:00:00,720,4,-0.005584397093876974,-52.693318839518334,signal
long,147.4324806,0,0,1.0,717,2024-08-13 12:00:00,147.060582,2024-08-14 00:00:00,720,3,-0.0026225011373781377,-24.607238346702268,signal
short,147.0845772,0,0,1.0,722,2024-08-14 08:00:00,147.339462,2024-08-14 12:00:00,723,1,-0.0018329131636514301,-17.15333807011362,signal
long,149.2928526,0,0,1.0,731,2024-08-15 20:00:00,147.5574826,2024-08-16 20:00:00,737,6,-0.011723932222995231,-109.5174445216176,signal
long,149.1818304,0,0,1.0,732,2024-08-16 00:00:00,147.5574826,2024-08-16 20:00:00,737,5,-0.010988375585985635,-101.44292805458282,signal
short,147.78643680000002,0,0,1.0,738,2024-08-19 00:00:00,146.6113164,2024-08-19 20:00:00,743,5,0.007851476640514183,71.68710131885055,signal
short,146.1867568,0,0,1.0,741,2024-08-19 12:00:00,146.6113164,2024-08-19 20:00:00,743,2,-0.0030042275052371958,-27.645155140209777,signal
short,145.1029736,0,0,1.0,757,2024-08-22 04:00:00,145.6631268,2024-08-22 08:00:00,758,1,-0.003960384016278861,-36.33430264941014,signal
short,143.9072128,0,0,1.0,771,2024-08-26 12:00:00,144.5409024,2024-08-26 20:00:00,773,2,-0.0045034596158893625,-41.153086693249996,signal
short,144.4301082,0,0,1.0,772,2024-08-26 16:00:00,144.5409024,2024-08-26 20:00:00,773,1,-0.0008671129058946909,-7.888084381374278,signal
short,142.94440540000002,0,0,1.0,829,2024-09-09 04:00:00,143.2596462,2024-09-09 12:00:00,831,2,-0.002305338495884705,-20.953368664704943,signal
short,140.7828378,0,0,1.0,856,2024-09-13 16:00:00,140.62711979999997,2024-09-16 20:00:00,863,7,0.0010060865261236817,9.123303720191565,signal
short,140.1859572,0,0,1.0,859,2024-09-16 04:00:00,140.62711979999997,2024-09-16 20:00:00,863,4,-0.003246981401072776,-29.47360910389128,signal
long,140.668128,0,0,1.0,862,2024-09-16 16:00:00,140.5708802,2024-09-16 20:00:00,863,1,-0.0007913278891433816,-7.159744920233039,signal
short,143.5602822,0,0,1.0,890,2024-09-23 08:00:00,143.8007544,2024-09-23 12:00:00,891,1,-0.0017750607919883238,-16.04761526856345,signal
short,144.2591424,0,0,1.0,896,2024-09-24 08:00:00,143.2016346,2024-09-25 00:00:00,900,4,0.00723061199731627,65.2530394828961,signal
short,143.9342074,0,0,1.0,897,2024-09-24 12:00:00,143.2016346,2024-09-25 00:00:00,900,3,0.004989636530697189,45.35482709200312,signal
short,143.1823578,0,0,1.0,899,2024-09-24 20:00:00,143.2016346,2024-09-25 00:00:00,900,1,-0.0002346311116550149,-2.143392893804941,signal
short,143.2243494,0,0,1.0,901,2024-09-25 04:00:00,145.49109239999999,2024-09-27 00:00:00,912,11,-0.015926519788680506,-145.45717975990925,hard_stop
short,143.9082126,0,0,1.0,902,2024-09-25 08:00:00,145.49109239999999,2024-09-27 00:00:00,912,10,-0.011099231881224629,-99.75501312485444,hard_stop
short,144.17116,0,0,1.0,903,2024-09-25 12:00:00,145.49109239999999,2024-09-27 00:00:00,912,9,-0.009255315112953235,-82.25943634837857,hard_stop
short,142.12157000000002,0,0,1.0,917,2024-09-27 20:00:00,142.713537,2024-09-30 00:00:00,918,1,-0.004265215737484342,-37.55755170458004,signal
short,146.72065,0,0,1.0,938,2024-10-03 08:00:00,146.7983538,2024-10-03 12:00:00,939,1,-0.0006296037060904159,-5.5203577752299635,signal
short,148.3913158,0,0,1.0,948,2024-10-07 00:00:00,148.1076156,2024-10-08 04:00:00,955,7,0.0018118382937069312,15.876174523634866,signal
short,148.5072926,0,0,1.0,949,2024-10-07 04:00:00,148.1076156,2024-10-08 04:00:00,955,6,0.0025912954441672784,22.747282485675125,signal
short,148.1363668,0,0,1.0,951,2024-10-07 12:00:00,148.1076156,2024-10-08 04:00:00,955,4,9.40860345171357e-05,0.8280597662520693,signal
short,148.575279,0,0,1.0,969,2024-10-10 12:00:00,149.03280059999997,2024-10-11 16:00:00,976,7,-0.0031793925010901608,-27.984755948463526,signal
short,148.8882164,0,0,1.0,970,2024-10-10 16:00:00,149.03280059999997,2024-10-11 16:00:00,976,6,-0.0010710922965960698,-9.397693610296491,signal
short,148.5242892,0,0,1.0,971,2024-10-10 20:00:00,149.03280059999997,2024-10-11 16:00:00,976,5,-0.003523759189415968,-30.884116969406985,signal
short,149.41811040000002,0,0,1.0,988,2024-10-15 16:00:00,149.2988538,2024-10-16 00:00:00,990,2,0.0006981401965315467,6.09731397668198,signal
short,149.1561628,0,0,1.0,989,2024-10-15 20:00:00,149.2988538,2024-10-16 00:00:00,990,1,-0.0010566550742614372,-9.234901145960057,signal
short,152.829428,0,0,1.0,1024,2024-10-23 16:00:00,152.2444428,2024-10-24 04:00:00,1027,3,0.003727699989821368,32.54474090643213,signal
short,153.5162906,0,0,1.0,1048,2024-10-29 16:00:00,153.3846708,2024-10-30 12:00:00,1053,5,0.0007573669900800842,6.636852226550717,signal
short,152.88641660000002,0,0,1.0,1057,2024-10-31 04:00:00,152.720538,2024-10-31 12:00:00,1059,2,0.0009849793179076537,8.637969829280982,signal
long,152.06240640000001,0,0,1.0,1062,2024-11-01 00:00:00,152.4515036,2024-11-01 04:00:00,1063,1,0.002458799437754923,21.584164239410736,signal
short,152.60847220000002,0,0,1.0,1064,2024-11-01 08:00:00,152.0674074,2024-11-01 12:00:00,1065,1,0.0034454440516967252,30.319627846448583,signal
short,153.4673004,0,0,1.0,1089,2024-11-07 12:00:00,152.685531,2024-11-08 16:00:00,1096,7,0.004994045428325014,44.09861179590992,signal
short,152.9823974,0,0,1.0,1090,2024-11-07 16:00:00,152.685531,2024-11-08 16:00:00,1096,6,0.0018405265249163822,16.33345269198306,signal
short,153.0623814,0,0,1.0,1092,2024-11-08 00:00:00,152.685531,2024-11-08 16:00:00,1096,4,0.0023620706704880466,21.00039198457328,signal
long,153.555705,0,0,1.0,1099,2024-11-11 04:00:00,153.589276,2024-11-11 08:00:00,1100,1,0.00011862424453733799,1.0571402248947552,signal
long,153.7317402,0,0,1.0,1103,2024-11-11 20:00:00,154.6670604,2024-11-18 16:00:00,1132,29,0.005984105980867617,53.33470901078079,signal
short,154.074179,0,0,1.0,1106,2024-11-12 08:00:00,154.72893960000002,2024-11-18 16:00:00,1132,26,-0.004349645230950941,-38.9991919609029,signal
short,154.349124,0,0,1.0,1107,2024-11-12 12:00:00,154.72893960000002,2024-11-18 16:00:00,1132,25,-0.0025607564342252373,-22.860035374314517,signal
short,154.4910956,0,0,1.0,1151,2024-11-21 20:00:00,154.7329404,2024-11-22 04:00:00,1153,2,-0.0016654287327094051,-14.829316342575735,signal
short,151.51269140000002,0,0,1.0,1177,2024-11-28 04:00:00,151.5973134,2024-11-28 12:00:00,1179,2,-0.0006585142684619194,-5.85377973438685,signal
short,149.630068,0,0,1.0,1215,2024-12-06 12:00:00,149.9419824,2024-12-09 00:00:00,1218,3,-0.0021845703284717227,-19.40667507600645,signal
short,151.5656808,0,0,1.0,1226,2024-12-10 08:00:00,151.9533846,2024-12-10 20:00:00,1229,3,-0.0026579920068554004,-23.56074342602019,signal
short,152.0785782,0,0,1.0,1228,2024-12-10 16:00:00,151.9533846,2024-12-10 20:00:00,1229,1,0.0007232165337275431,6.393634082783086,signal
short,151.6736592,0,0,1.0,1230,2024-12-11 00:00:00,151.78035,2024-12-11 04:00:00,1231,1,-0.0008034233931108029,-7.107843867748427,signal
short,151.9456048,0,0,1.0,1236,2024-12-12 00:00:00,152.5545048,2024-12-12 08:00:00,1238,2,-0.0041073551373957025,-36.30835718859599,signal
short,153.99219539999999,0,0,1.0,1251,2024-12-16 12:00:00,154.115817,2024-12-16 20:00:00,1253,2,-0.0009027783465187679,-7.947636630240067,signal
short,154.1201698,0,0,1.0,1252,2024-12-16 16:00:00,154.115817,2024-12-16 20:00:00,1253,1,-7.175710352727106e-05,-0.6311455439035472,signal
short,157.0005936,0,0,1.0,1273,2024-12-20 04:00:00,156.7273392,2024-12-23 08:00:00,1280,7,0.0016404673048319813,14.42783059879212,signal
short,156.4846968,0,0,1.0,1275,2024-12-20 12:00:00,156.7273392,2024-12-23 08:00:00,1280,5,-0.00165058229310506,-14.540605753119705,signal
short,156.0377862,0,0,1.0,1276,2024-12-20 16:00:00,156.7273392,2024-12-23 08:00:00,1280,4,-0.004519141137494486,-39.745118072624045,signal
short,157.313531,0,0,1.0,1294,2024-12-26 04:00:00,157.906575,2024-12-27 08:00:00,1301,7,-0.0038698219360418008,-33.88065379985244,signal
short,157.39751420000002,0,0,1.0,1295,2024-12-26 08:00:00,157.906575,2024-12-27 08:00:00,1301,6,-0.003334236592536898,-29.078587797028952,signal
short,157.72544860000002,0,0,1.0,1300,2024-12-27 04:00:00,157.906575,2024-12-27 08:00:00,1301,1,-0.001248365096486924,-10.850957319420841,signal
short,157.76144140000002,0,0,1.0,1305,2024-12-30 00:00:00,157.4894916,2024-12-30 12:00:00,1308,3,0.0016238039763499254,14.096702730768984,signal
short,157.8214294,0,0,1.0,1306,2024-12-30 04:00:00,157.4894916,2024-12-30 12:00:00,1308,2,0.0020032492308677033,17.419013781743708,signal
short,157.2665404,0,0,1.0,1324,2025-01-03 04:00:00,157.27344839999998,2025-01-03 20:00:00,1328,4,-0.00014392542738214572,-1.2539933565728099,signal
short,157.1525632,0,0,1.0,1326,2025-01-03 12:00:00,157.27344839999998,2025-01-03 20:00:00,1328,2,-0.0008692219429226284,-7.572266298800702,signal
short,158.28033760000002,0,0,1.0,1335,2025-01-07 00:00:00,157.89357239999998,2025-01-07 04:00:00,1336,1,0.0023435454577905948,20.398156379634298,signal
short,157.40951180000002,0,0,1.0,1359,2025-01-13 00:00:00,157.3584654,2025-01-13 16:00:00,1363,4,0.00022429044100509283,1.9567930532714453,signal
short,157.0745788,0,0,1.0,1361,2025-01-13 08:00:00,157.3584654,2025-01-13 16:00:00,1363,2,-0.0019073363759355068,-16.644042718769693,signal
long,157.96858740000002,0,0,1.0,1367,2025-01-14 08:00:00,158.098374,2025-01-14 16:00:00,1369,2,0.0007215975222425045,6.284886323752899,signal
short,155.51889000000003,0,0,1.0,1377,2025-01-16 00:00:00,156.1442226,2025-01-16 04:00:00,1378,1,-0.004120943050712224,-35.91801101163277,signal
short,155.5408856,0,0,1.0,1399,2025-01-21 16:00:00,155.5020942,2025-01-21 20:00:00,1400,1,0.00014939680554324955,1.2967718581983851,signal
short,156.27573859999998,0,0,1.0,1413,2025-01-24 00:00:00,155.386071,2025-01-24 04:00:00,1414,1,0.0055929348596916225,48.554211341149134,signal
short,155.5508836,0,0,1.0,1415,2025-01-24 08:00:00,156.3492636,2025-01-24 12:00:00,1416,1,-0.0052325970095614995,-45.68005784983721,signal
short,155.3109316,0,0,1.0,1433,2025-01-29 08:00:00,155.4520842,2025-01-29 12:00:00,1434,1,-0.0010088387954785667,-8.760979762956891,signal
short,154.6080722,0,0,1.0,1437,2025-01-30 00:00:00,154.30985579999998,2025-01-30 20:00:00,1442,5,0.0018288540097328085,15.8661511307575,signal
short,154.4501038,0,0,1.0,1438,2025-01-30 04:00:00,154.30985579999998,2025-01-30 20:00:00,1442,4,0.0008080473016814762,7.023003229211856,signal
short,154.4171104,0,0,1.0,1439,2025-01-30 08:00:00,154.30985579999998,2025-01-30 20:00:00,1442,3,0.0005945771729713247,5.171840279992616,signal
short,154.0571824,0,0,1.0,1443,2025-01-31 00:00:00,154.7479434,2025-01-31 04:00:00,1444,1,-0.004583796141399566,-39.8951692689618,signal
short,154.6850568,0,0,1.0,1445,2025-01-31 08:00:00,154.82695919999998,2025-01-31 12:00:00,1446,1,-0.0010173633377103546,-8.814056022605126,signal
short,150.0179904,0,0,1.0,1545,2025-02-25 00:00:00,149.739942,2025-02-25 04:00:00,1546,1,0.0017534337065748932,15.175639949338304,signal
short,147.9394062,0,0,1.0,1592,2025-03-06 20:00:00,147.254445,2025-03-07 12:00:00,1596,4,0.004530011824395193,39.275148759695284,signal
short,147.4215098,0,0,1.0,1594,2025-03-07 04:00:00,147.254445,2025-03-07 12:00:00,1596,2,0.0010332457538024173,8.998809304588853,signal
short,147.4115118,0,0,1.0,1595,2025-03-07 08:00:00,147.254445,2025-03-07 12:00:00,1596,1,0.00096549887510207,8.417472241733332,signal
short,147.6034734,0,0,1.0,1600,2025-03-10 04:00:00,147.04540319999998,2025-03-10 12:00:00,1602,2,0.0036808744411297267,32.121811760371656,signal
short,147.1545632,0,0,1.0,1601,2025-03-10 08:00:00,147.04540319999998,2025-03-10 12:00:00,1602,1,0.0006418050628281925,5.621443066801373,signal
short,149.7210498,0,0,1.0,1637,2025-03-18 08:00:00,149.6329206,2025-03-19 00:00:00,1641,4,0.0004886226426926732,4.282495439054871,signal
short,148.3643212,0,0,1.0,1648,2025-03-20 04:00:00,148.58571120000002,2025-03-20 12:00:00,1650,2,-0.0015922051218875777,-13.961577512536056,signal
short,149.5910758,0,0,1.0,1661,2025-03-24 08:00:00,149.85596519999999,2025-03-24 12:00:00,1662,1,-0.0018707567017843926,-16.37799551657226,signal
long,150.9631866,0,0,1.0,1665,2025-03-25 00:00:00,149.8670206,2025-03-25 20:00:00,1670,5,-0.00736114773202602,-64.32440115235181,signal
short,150.59387519999999,0,0,1.0,1667,2025-03-25 08:00:00,149.9269794,2025-03-25 20:00:00,1670,3,0.004328439065760835,37.545059391289946,signal
short,149.74404520000002,0,0,1.0,1669,2025-03-25 16:00:00,149.9269794,2025-03-25 20:00:00,1670,1,-0.0013216459075594475,-11.513632512253984,signal
short,149.0481844,0,0,1.0,1690,2025-03-31 04:00:00,149.924979,2025-03-31 16:00:00,1693,3,-0.005982625162658546,-52.04927424823391,signal
short,149.025189,0,0,1.0,1691,2025-03-31 08:00:00,149.924979,2025-03-31 16:00:00,1693,2,-0.006137838341543696,-53.08017016768293,signal
short,149.5690802,0,0,1.0,1692,2025-03-31 12:00:00,149.924979,2025-03-31 16:00:00,1693,1,-0.002479494475222464,-21.311114481298993,signal
short,149.1441652,0,0,1.0,1704,2025-04-02 12:00:00,146.084211,2025-04-03 20:00:00,1712,8,0.02041675434903298,175.04574265615946,signal
short,147.85442319999999,0,0,1.0,1707,2025-04-03 00:00:00,146.084211,2025-04-03 20:00:00,1712,5,0.01187266988492756,103.87016522981504,signal
short,147.52148979999998,0,0,1.0,1708,2025-04-03 04:00:00,146.084211,2025-04-03 20:00:00,1712,4,0.009642843581288,85.36373677092224,signal
short,145.93180780000003,0,0,1.0,1713,2025-04-04 00:00:00,146.97939,2025-04-04 20:00:00,1718,5,-0.007278573443259743,-65.05524784412019,signal
short,145.3929156,0,0,1.0,1714,2025-04-04 04:00:00,146.97939,2025-04-04 20:00:00,1718,4,-0.01101163481695793,-97.70465670813213,signal
short,145.2649412,0,0,1.0,1733,2025-04-09 08:00:00,146.754345,2025-04-10 00:00:00,1737,4,-0.010353016231558498,-90.84929054625678,signal
short,144.2921358,0,0,1.0,1734,2025-04-09 12:00:00,146.754345,2025-04-10 00:00:00,1737,3,-0.01716405679248383,-149.05786400607275,signal
long,144.45788579999999,0,0,1.0,1742,2025-04-10 20:00:00,143.6392664,2025-04-14 12:00:00,1752,10,-0.005766837746285144,-49.22137184541854,signal
short,143.006393,0,0,1.0,1750,2025-04-14 04:00:00,143.69673360000002,2025-04-14 12:00:00,1752,2,-0.004927340830839732,-41.81352969397246,signal
short,145.3589224,0,0,1.0,1834,2025-05-02 04:00:00,144.6669276,2025-05-05 00:00:00,1839,5,0.0046605939048981505,39.3550331513067,signal
short,144.641066,0,0,1.0,1837,2025-05-02 16:00:00,144.6669276,2025-05-05 00:00:00,1839,2,-0.0002787984610125394,-2.3652048448509375,signal
short,143.606273,0,0,1.0,1842,2025-05-05 12:00:00,144.1968336,2025-05-05 16:00:00,1843,1,-0.004212359353549991,-35.72586096842063,signal
short,145.875819,0,0,1.0,1869,2025-05-12 00:00:00,148.0766094,2025-05-12 12:00:00,1872,3,-0.01518673894746043,-128.2592067794972,signal
short,145.8948152,0,0,1.0,1870,2025-05-12 04:00:00,148.0766094,2025-05-12 12:00:00,1872,2,-0.015054569818050562,-125.21208866887088,signal
short,147.725449,0,0,1.0,1871,2025-05-12 08:00:00,148.0766094,2025-05-12 12:00:00,1872,1,-0.0024771151306502218,-20.292533499726492,signal
short,146.665661,0,0,1.0,1885,2025-05-14 16:00:00,145.7771496,2025-05-15 08:00:00,1889,4,0.005958073811837924,48.687651526127105,signal
short,145.2749392,0,0,1.0,1894,2025-05-16 04:00:00,144.933981,2025-05-19 00:00:00,1899,5,0.0022469856664721777,18.47111576250608,signal
short,144.0881766,0,0,1.0,1913,2025-05-21 08:00:00,143.6767296,2025-05-21 16:00:00,1915,2,0.0027555222899531763,22.70238661421207,signal
short,143.6592624,0,0,1.0,1914,2025-05-21 12:00:00,143.6767296,2025-05-21 16:00:00,1915,1,-0.0002215877048802019,-1.8306625972878279,signal
short,143.281338,0,0,1.0,1925,2025-05-23 08:00:00,142.5665076,2025-05-23 20:00:00,1928,3,0.0048889986370731055,40.381860149969164,signal
short,143.836227,0,0,1.0,1937,2025-05-27 08:00:00,144.05080439999998,2025-05-27 12:00:00,1938,1,-0.0015918174960190495,-13.212280025486313,signal
short,143.506293,0,0,1.0,1960,2025-06-02 04:00:00,143.94978419999998,2025-06-03 20:00:00,1970,10,-0.003190395485304485,-26.438520573896987,signal
short,144.61807059999998,0,0,1.0,1997,2025-06-10 08:00:00,144.8609664,2025-06-10 20:00:00,2000,3,-0.0017795674219153474,-14.700066114486452,signal
short,143.0073928,0,0,1.0,2013,2025-06-13 00:00:00,144.06180659999998,2025-06-13 16:00:00,2017,4,-0.0074731419009548715,-61.62182061057289,signal
short,143.76324160000001,0,0,1.0,2015,2025-06-13 08:00:00,144.06180659999998,2025-06-13 16:00:00,2017,2,-0.002176782609219963,-17.81511472487143,signal
short,144.9879966,0,0,1.0,2032,2025-06-18 04:00:00,145.12801979999998,2025-06-18 20:00:00,2036,4,-0.0010657571887573295,-8.703329783522623,signal
short,144.93600700000002,0,0,1.0,2033,2025-06-18 08:00:00,145.12801979999998,2025-06-18 20:00:00,2036,3,-0.0014248108870555396,-11.623081816676425,signal
short,145.0069928,0,0,1.0,2038,2025-06-19 04:00:00,145.3560654,2025-06-20 08:00:00,2045,7,-0.0025072811473406367,-20.424332704570933,signal
short,145.2529436,0,0,1.0,2039,2025-06-19 08:00:00,145.3560654,2025-06-20 08:00:00,2045,6,-0.0008099463697202259,-6.581287128887167,signal
long,145.459086,0,0,1.0,2042,2025-06-19 20:00:00,145.2979346,2025-06-20 08:00:00,2045,3,-0.0012078812911008028,-9.806791279781734,signal
short,145.8098322,0,0,1.0,2047,2025-06-20 16:00:00,146.0832108,2025-06-20 20:00:00,2048,1,-0.0019748982553180728,-16.01483655141178,signal
short,146.3327276,0,0,1.0,2053,2025-06-23 16:00:00,145.0179978,2025-06-24 12:00:00,2058,5,0.008884523295388976,71.90405441648343,signal
short,146.0597822,0,0,1.0,2054,2025-06-23 20:00:00,145.0179978,2025-06-24 12:00:00,2058,4,0.007032589028330151,57.42168700563032,signal
short,145.5738794,0,0,1.0,2055,2025-06-24 00:00:00,145.0179978,2025-06-24 12:00:00,2058,3,0.0037185531792595797,30.575828286873065,signal
short,144.856023,0,0,1.0,2061,2025-06-25 00:00:00,145.5050952,2025-06-25 08:00:00,2063,2,-0.004580809196314925,-37.805796166261096,signal
short,144.7530436,0,0,1.0,2068,2025-06-26 04:00:00,144.4728888,2025-06-27 12:00:00,2076,8,0.0018353983379733201,15.078305189101501,signal
short,143.89521520000002,0,0,1.0,2069,2025-06-26 08:00:00,144.4728888,2025-06-27 12:00:00,2076,7,-0.004114543494007496,-33.86415361291592,signal
short,144.616071,0,0,1.0,2077,2025-06-27 16:00:00,144.6429228,2025-06-27 20:00:00,2078,1,-0.0002856764591537193,-2.341544482085551,signal
short,143.9132116,0,0,1.0,2080,2025-06-30 04:00:00,144.488892,2025-06-30 12:00:00,2082,2,-0.004100191459836629,-33.59758098261091,signal
short,143.53828660000002,0,0,1.0,2085,2025-07-01 00:00:00,143.7797502,2025-07-01 04:00:00,2086,1,-0.0017822243438983237,-14.543933934197607,signal
short,143.00939240000002,0,0,1.0,2087,2025-07-01 08:00:00,143.0966136,2025-07-01 12:00:00,2088,1,-0.0007098984027288802,-5.782837915615433,signal
short,143.5242894,0,0,1.0,2092,2025-07-02 04:00:00,143.99779379999998,2025-07-02 08:00:00,2093,1,-0.0033991238067052638,-27.66963241161475,signal
short,145.305933,0,0,1.0,2111,2025-07-07 08:00:00,146.0372016,2025-07-07 20:00:00,2114,3,-0.0051326134996840965,-41.638610928110005,signal
short,145.56088200000002,0,0,1.0,2112,2025-07-07 12:00:00,146.0372016,2025-07-07 20:00:00,2114,2,-0.0033723049864453434,-27.217592647251124,signal
long,147.0133968,0,0,1.0,2135,2025-07-11 08:00:00,148.0123916,2025-07-16 16:00:00,2155,20,0.0066952637089192895,53.85468674802314,signal
short,147.3385264,0,0,1.0,2137,2025-07-11 16:00:00,148.0716084,2025-07-16 16:00:00,2155,18,-0.00507549431171721,-41.099088242840814,signal
short,147.3495242,0,0,1.0,2138,2025-07-11 20:00:00,148.0716084,2025-07-16 16:00:00,2155,17,-0.005000485454027763,-40.28618458940835,signal
short,148.68225759999999,0,0,1.0,2160,2025-07-17 12:00:00,148.60971600000002,2025-07-18 00:00:00,2163,3,0.00038789681547023717,3.1094462433586303,signal
short,148.59527500000002,0,0,1.0,2161,2025-07-17 16:00:00,148.60971600000002,2025-07-18 00:00:00,2163,2,-0.00019718344005221588,-1.5812688172258993,signal
short,148.7192502,0,0,1.0,2168,2025-07-18 20:00:00,148.4136768,2025-07-21 00:00:00,2169,1,0.0019546997082696047,15.672189406427794,signal
short,147.45850240000001,0,0,1.0,2175,2025-07-22 00:00:00,146.609316,2025-07-22 20:00:00,2180,5,0.0056588161155772575,45.459357350956736,signal
short,147.6074726,0,0,1.0,2176,2025-07-22 04:00:00,146.609316,2025-07-22 20:00:00,2180,4,0.006662236236541234,53.82306231459768,signal
short,147.5824776,0,0,1.0,2177,2025-07-22 08:00:00,146.609316,2025-07-22 20:00:00,2180,3,0.006494018584222477,52.813588759860956,signal
short,146.4067128,0,0,1.0,2181,2025-07-23 00:00:00,146.4422826,2025-07-23 12:00:00,2184,3,-0.00034295197480856517,-2.8072213524804286,signal
short,146.9146112,0,0,1.0,2182,2025-07-23 04:00:00,146.4422826,2025-07-23 12:00:00,2184,2,0.0031149872374300466,25.488874239963902,signal
short,145.9897962,0,0,1.0,2188,2025-07-24 04:00:00,146.824359,2025-07-24 12:00:00,2190,2,-0.005816583088154118,-47.74336642969097,signal
short,146.5166908,0,0,1.0,2189,2025-07-24 08:00:00,146.824359,2025-07-24 12:00:00,2190,1,-0.0021998849913964533,-17.951948495551743,signal
long,149.5108962,0,0,1.0,2216,2025-07-30 20:00:00,147.0075926,2025-08-04 16:00:00,2233,17,-0.016843285363304386,-137.14562977248528,signal
long,149.3338608,0,0,1.0,2217,2025-07-31 00:00:00,147.0075926,2025-08-04 16:00:00,2233,16,-0.01567763381685761,-125.50424993091471,signal
long,149.66392679999998,0,0,1.0,2219,2025-07-31 08:00:00,147.0075926,2025-08-04 16:00:00,2233,14,-0.017848660327145546,-140.64389790451557,signal
short,147.1015738,0,0,1.0,2249,2025-08-07 08:00:00,147.3914724,2025-08-07 16:00:00,2251,2,-0.002070737582958385,-16.02576421539524,signal
short,147.2545432,0,0,1.0,2250,2025-08-07 12:00:00,147.3914724,2025-08-07 16:00:00,2251,1,-0.0010298809871965792,-7.953906496367349,signal
short,147.7084524,0,0,1.0,2257,2025-08-08 16:00:00,147.6905322,2025-08-11 00:00:00,2259,2,2.1321425475796517e-05,0.16449858829298786,signal
short,147.6944552,0,0,1.0,2292,2025-08-18 12:00:00,147.7865514,2025-08-19 04:00:00,2296,4,-0.0007235589540264238,-5.582504996659477,signal
short,147.7594422,0,0,1.0,2293,2025-08-18 16:00:00,147.7865514,2025-08-19 04:00:00,2296,3,-0.0002834684781993064,-2.1854738732829455,signal
short,147.285537,0,0,1.0,2306,2025-08-20 20:00:00,147.6155172,2025-08-21 08:00:00,2309,3,-0.0023404114261401936,-18.03889498349496,signal
short,146.6746592,0,0,1.0,2317,2025-08-22 16:00:00,147.3164574,2025-08-25 08:00:00,2321,4,-0.004475658368667834,-34.41573353243109,signal
short,147.20255360000002,0,0,1.0,2320,2025-08-25 04:00:00,147.3164574,2025-08-25 08:00:00,2321,1,-0.0008737895655634492,-6.6889637010241545,signal
short,147.2665408,0,0,1.0,2337,2025-08-28 00:00:00,146.94938399999998,2025-08-28 20:00:00,2342,5,0.002053624294270248,15.707003135561495,signal
short,147.130568,0,0,1.0,2338,2025-08-28 04:00:00,146.94938399999998,2025-08-28 20:00:00,2342,4,0.001131450421642022,8.671591856120012,signal
short,147.1575626,0,0,1.0,2339,2025-08-28 08:00:00,146.94938399999998,2025-08-28 20:00:00,2342,3,0.0013146646378337401,10.087171076653235,signal
short,146.79463520000002,0,0,1.0,2343,2025-08-29 00:00:00,147.0153972,2025-09-01 08:00:00,2351,8,-0.0016038832972281485,-12.322469345156515,signal
long,147.02139839999998,0,0,1.0,2348,2025-08-29 20:00:00,146.95660279999998,2025-09-01 08:00:00,2351,3,-0.0005407222397906163,-4.147649961729732,signal
short,147.20255360000002,0,0,1.0,2349,2025-09-01 00:00:00,147.0153972,2025-09-01 08:00:00,2351,2,0.0011714208783944664,8.980611906374666,signal
short,147.275539,0,0,1.0,2355,2025-09-02 00:00:00,147.7515444,2025-09-02 04:00:00,2356,1,-0.0033320737254269434,-25.575021918968446,signal
short,148.7262488,0,0,1.0,2361,2025-09-03 00:00:00,148.6157172,2025-09-03 08:00:00,2363,2,0.0006431882461356183,4.92028199821773,signal
short,148.210352,0,0,1.0,2368,2025-09-04 04:00:00,148.4576856,2025-09-04 12:00:00,2370,2,-0.0017688011104648777,-13.539734256720891,hard_stop
short,148.18735660000002,0,0,1.0,2369,2025-09-04 08:00:00,148.4576856,2025-09-04 12:00:00,2370,1,-0.0019242379525648099,-14.703511100936387,hard_stop
long,148.5066954,0,0,1.0,2372,2025-09-04 20:00:00,148.1883564,2025-09-05 04:00:00,2374,2,-0.0022436003214708175,-17.110838024818364,signal
long,148.2006342,0,0,1.0,2373,2025-09-05 00:00:00,148.1883564,2025-09-05 04:00:00,2374,1,-0.0001828457993197479,-1.391346487697178,signal
short,147.0975746,0,0,1.0,2386,2025-09-09 04:00:00,147.5565054,2025-09-10 12:00:00,2394,8,-0.0032199073217077387,-24.49707682111833,signal
short,146.5946752,0,0,1.0,2387,2025-09-09 08:00:00,147.5565054,2025-09-10 12:00:00,2394,7,-0.006661153730091146,-50.51492412565339,signal
short,147.24154579999998,0,0,1.0,2389,2025-09-09 16:00:00,147.5565054,2025-09-10 12:00:00,2394,5,-0.0022390674642048533,-16.86688357801922,signal
short,147.71145180000002,0,0,1.0,2443,2025-09-22 16:00:00,147.7315404,2025-09-22 20:00:00,2444,1,-0.00023599893410552618,-1.7737981782797716,signal
long,147.6455232,0,0,1.0,2450,2025-09-23 20:00:00,148.540286,2025-09-25 00:00:00,2457,7,0.005960209484224951,44.787124718824,signal
long,147.80555520000001,0,0,1.0,2451,2025-09-24 00:00:00,148.540286,2025-09-25 00:00:00,2457,6,0.004870928183354194,36.82003415126675,signal
short,148.640266,0,0,1.0,2454,2025-09-24 12:00:00,148.59971399999998,2025-09-25 00:00:00,2457,3,0.00017281974858696406,1.3127321192148125,signal
short,149.78303739999998,0,0,1.0,2461,2025-09-25 16:00:00,149.2068354,2025-09-29 00:00:00,2469,8,0.00374691090527982,28.466308857875532,signal
short,149.7520436,0,0,1.0,2462,2025-09-25 20:00:00,149.2068354,2025-09-29 00:00:00,2469,7,0.003540739631282193,27.000760983186282,signal
short,149.6520636,0,0,1.0,2463,2025-09-26 00:00:00,149.2068354,2025-09-29 00:00:00,2469,6,0.002875088944914506,22.002311291836012,signal
short,148.550284,0,0,1.0,2473,2025-09-29 16:00:00,148.82275860000001,2025-09-30 00:00:00,2475,2,-0.0019342246992944798,-14.844678237894879,signal
short,147.8114318,0,0,1.0,2480,2025-09-30 20:00:00,148.1376216,2025-10-01 00:00:00,2481,1,-0.0023067968358586747,-17.669830125852464,signal
short,147.52548900000002,0,0,1.0,2482,2025-10-01 04:00:00,147.1784298,2025-10-01 08:00:00,2483,1,0.0022525371944370786,17.214404818506125,signal
short,150.1319676,0,0,1.0,2503,2025-10-06 16:00:00,150.5210982,2025-10-07 00:00:00,2505,2,-0.0026919236670286313,-20.61863667606395,signal
short,150.384917,0,0,1.0,2506,2025-10-07 04:00:00,151.8893718,2025-10-14 04:00:00,2536,30,-0.010104027199084004,-77.18289209417915,max_hold
short,150.8018336,0,0,1.0,2508,2025-10-07 12:00:00,152.07540899999998,2025-10-14 12:00:00,2538,30,-0.008545357523822376,-64.61693234042158,max_hold
short,151.29373520000001,0,0,1.0,2509,2025-10-07 16:00:00,151.7643468,2025-10-14 16:00:00,2539,30,-0.003210582202084358,-24.06981449310121,max_hold
short,151.944605,0,0,1.0,2537,2025-10-14 08:00:00,151.27724940000002,2025-10-15 04:00:00,2542,5,0.0042920980280937195,32.07465549320059,signal
short,151.70365320000002,0,0,1.0,2539,2025-10-14 16:00:00,151.27724940000002,2025-10-15 04:00:00,2542,3,0.0027107681720614143,20.344395567014313,signal
short,151.6036732,0,0,1.0,2544,2025-10-15 12:00:00,151.07320860000002,2025-10-15 20:00:00,2546,2,0.0033990220804227043,25.578912621332886,signal
short,151.1617616,0,0,1.0,2545,2025-10-15 16:00:00,151.07320860000002,2025-10-15 20:00:00,2546,1,0.00048581614201028425,3.6683748456552037,signal
short,150.6768586,0,0,1.0,2547,2025-10-16 00:00:00,150.4490838,2025-10-16 20:00:00,2552,5,0.001411677387731202,10.664688140699823,signal
short,151.0087922,0,0,1.0,2548,2025-10-16 04:00:00,150.4490838,2025-10-16 20:00:00,2552,4,0.0036064623314030907,27.283919143367516,signal
short,151.824629,0,0,1.0,2569,2025-10-21 16:00:00,151.95838559999999,2025-10-22 12:00:00,2574,5,-0.0009809940842997096,-7.448266218309929,signal
short,153.90521280000002,0,0,1.0,2614,2025-10-31 04:00:00,154.24084200000001,2025-11-03 20:00:00,2624,10,-0.002280752645695959,-17.29978637780315,signal
short,154.2151508,0,0,1.0,2615,2025-10-31 08:00:00,154.24084200000001,2025-11-03 20:00:00,2624,9,-0.0002665932294378131,-2.0175300828980904,signal
short,153.90521280000002,0,0,1.0,2618,2025-10-31 20:00:00,154.24084200000001,2025-11-03 20:00:00,2624,6,-0.002280752645695959,-17.25572835717766,signal
short,153.8512236,0,0,1.0,2638,2025-11-06 04:00:00,153.5327004,2025-11-06 12:00:00,2640,2,0.001970332575502423,14.873151306679517,signal
short,153.6872564,0,0,1.0,2639,2025-11-06 08:00:00,153.5327004,2025-11-06 12:00:00,2640,1,0.0009056526716680021,6.849833163061102,signal
short,153.0303878,0,0,1.0,2642,2025-11-06 20:00:00,153.12461879999998,2025-11-07 16:00:00,2647,5,-0.0007157665895948237,-5.41854751149842,signal
short,153.099374,0,0,1.0,2643,2025-11-07 00:00:00,153.12461879999998,2025-11-07 16:00:00,2647,4,-0.00026489159518031357,-2.003866002022606,signal
short,154.29313520000002,0,0,1.0,2655,2025-11-11 00:00:00,154.15682520000001,2025-11-11 04:00:00,2656,1,0.000783448248188872,5.925100974993515,signal
short,154.659062,0,0,1.0,2680,2025-11-17 04:00:00,154.920978,2025-11-17 12:00:00,2682,2,-0.0017935056802554845,-13.574639742432366,signal
short,154.72104960000001,0,0,1.0,2681,2025-11-17 08:00:00,154.920978,2025-11-17 12:00:00,2682,1,-0.001392186166761734,-10.518244487364756,signal
short,155.12696839999998,0,0,1.0,2683,2025-11-17 16:00:00,156.78535079999997,2025-11-19 16:00:00,2695,12,-0.010790484169869162,-81.41076564114123,signal
short,155.658862,0,0,1.0,2689,2025-11-18 16:00:00,156.78535079999997,2025-11-19 16:00:00,2695,6,-0.007336907590908482,-54.75732726106697,signal
short,155.4649008,0,0,1.0,2691,2025-11-19 00:00:00,156.78535079999997,2025-11-19 16:00:00,2695,4,-0.008593557022872171,-63.665481899900854,signal
short,157.1925552,0,0,1.0,2704,2025-11-21 04:00:00,156.9443826,2025-11-24 12:00:00,2712,8,0.0014787808760040777,10.861420559681672,signal
short,156.5496838,0,0,1.0,2710,2025-11-24 04:00:00,156.9443826,2025-11-24 12:00:00,2712,2,-0.0026212366478124732,-19.281054749538644,signal
short,156.6746588,0,0,1.0,2782,2025-12-10 04:00:00,156.8473632,2025-12-10 08:00:00,2783,1,-0.0012023122777018388,-8.820677736186523,signal
short,155.68885600000002,0,0,1.0,2787,2025-12-11 00:00:00,156.096213,2025-12-11 04:00:00,2788,1,-0.002716481426262072,-19.905309816422736,signal
short,155.70985180000002,0,0,1.0,2794,2025-12-12 04:00:00,156.0772092,2025-12-12 12:00:00,2796,2,-0.002459243141993502,-17.971416625062982,signal
short,157.4055126,0,0,1.0,2827,2025-12-19 16:00:00,157.7685474,2025-12-19 20:00:00,2828,1,-0.002406366492528927,-17.541764000373508,signal
short,156.2647408,0,0,1.0,2839,2025-12-23 16:00:00,155.86316639999998,2025-12-24 08:00:00,2843,4,0.002469833719008834,17.961097757495644,signal
short,155.623869,0,0,1.0,2841,2025-12-24 00:00:00,155.86316639999998,2025-12-24 08:00:00,2843,2,-0.001637665150838588,-11.938824861784918,signal
short,155.7648408,0,0,1.0,2842,2025-12-24 04:00:00,155.86316639999998,2025-12-24 08:00:00,2843,1,-0.0007312438641158439,-5.322147380724558,signal
short,156.4207096,0,0,1.0,2886,2026-01-06 00:00:00,156.4102758,2026-01-06 08:00:00,2888,2,-3.329655627635972e-05,-0.2421621641394702,signal
short,158.4003136,0,0,1.0,2929,2026-01-15 04:00:00,158.6287194,2026-01-16 00:00:00,2934,5,-0.0015419529533052024,-11.214079559810749,signal
short,158.3443248,0,0,1.0,2935,2026-01-16 04:00:00,157.986591,2026-01-20 16:00:00,2950,15,0.002159214534223745,15.678991556857978,signal
short,157.8654206,0,0,1.0,2941,2026-01-19 04:00:00,157.986591,2026-01-20 16:00:00,2950,9,-0.0008675550449204018,-6.313295174104394,signal
short,154.3931152,0,0,1.0,2970,2026-01-26 00:00:00,154.00379460000002,2026-01-26 16:00:00,2974,4,0.0024216189173699026,17.607103537413607,signal
short,154.0761786,0,0,1.0,2971,2026-01-26 04:00:00,154.00379460000002,2026-01-26 16:00:00,2974,3,0.0003697935830034348,2.6952056752631695,signal
short,154.03018780000002,0,0,1.0,2973,2026-01-26 12:00:00,154.00379460000002,2026-01-26 16:00:00,2974,1,7.135082659427305e-05,0.5202260796972498,signal
short,152.6814576,0,0,1.0,2984,2026-01-28 08:00:00,152.88056999999998,2026-01-28 12:00:00,2985,1,-0.0014041033477793442,-10.23818970667893,signal
short,155.84082560000002,0,0,1.0,3008,2026-02-03 08:00:00,156.70133399999997,2026-02-04 16:00:00,3016,8,-0.005621713560531585,-40.93384948435368,signal
long,156.1642266,0,0,1.0,3012,2026-02-04 00:00:00,156.638666,2026-02-04 16:00:00,3016,4,0.002938079913239197,21.27301817737711,signal
short,156.2697398,0,0,1.0,3013,2026-02-04 04:00:00,156.70133399999997,2026-02-04 16:00:00,3016,3,-0.0028618539619528947,-20.781988325389797,signal
short,157.01859000000002,0,0,1.0,3026,2026-02-06 08:00:00,156.6443226,2026-02-09 04:00:00,3031,5,0.002283586554942366,16.535313614150486,signal
short,156.90061359999999,0,0,1.0,3027,2026-02-06 12:00:00,156.6443226,2026-02-09 04:00:00,3031,4,0.0015334607884540236,11.129054075137434,signal
short,157.1645608,0,0,1.0,3029,2026-02-06 20:00:00,156.6443226,2026-02-09 04:00:00,3031,2,0.00321014954867608,23.333307571664708,signal
short,155.25094360000003,0,0,1.0,3038,2026-02-10 08:00:00,154.4138766,2026-02-10 20:00:00,3041,3,0.005291703139381232,38.586770380516555,signal
short,153.94820420000002,0,0,1.0,3042,2026-02-11 00:00:00,152.88056999999998,2026-02-12 16:00:00,3052,10,0.006835022110508276,50.104297819945884,signal
short,153.0083922,0,0,1.0,3043,2026-02-11 04:00:00,152.88056999999998,2026-02-12 16:00:00,3052,9,0.0007353933935397925,5.4276657420966306,signal
short,153.1753588,0,0,1.0,3044,2026-02-11 08:00:00,152.88056999999998,2026-02-12 16:00:00,3052,8,0.0018245184232597372,13.475996301436012,signal
short,155.5648808,0,0,1.0,3103,2026-02-25 04:00:00,156.19123199999999,2026-02-26 12:00:00,3111,8,-0.004126302059815469,-30.532706502189004,signal
long,155.861166,0,0,1.0,3108,2026-02-26 00:00:00,156.128768,2026-02-26 12:00:00,3111,3,0.0016169254334977244,11.915123305363602,signal
short,156.79963379999998,0,0,1.0,3121,2026-03-02 04:00:00,157.5495036,2026-03-02 12:00:00,3123,2,-0.004882344077132836,-36.036166589667154,signal
short,157.3265284,0,0,1.0,3124,2026-03-02 16:00:00,157.7275392,2026-03-03 20:00:00,3131,7,-0.002648907702205387,-19.455906089494764,signal
short,157.36352100000002,0,0,1.0,3127,2026-03-03 04:00:00,157.7275392,2026-03-03 20:00:00,3131,4,-0.002413231158573119,-17.677938835988794,signal
short,157.6374662,0,0,1.0,3128,2026-03-03 08:00:00,157.7275392,2026-03-03 20:00:00,3131,3,-0.0006713933506499716,-4.906371387408218,signal
short,158.688256,0,0,1.0,3151,2026-03-09 04:00:00,157.806555,2026-03-10 04:00:00,3157,6,0.005456183061208968,39.8456243117271,signal
short,158.5992738,0,0,1.0,3152,2026-03-09 08:00:00,157.806555,2026-03-10 04:00:00,3157,5,0.004898249872188184,35.96630210245223,signal
short,158.538286,0,0,1.0,3153,2026-03-09 12:00:00,157.806555,2026-03-10 04:00:00,3157,4,0.0045154844893428225,33.318182040440455,signal
short,159.62106939999998,0,0,1.0,3199,2026-03-19 04:00:00,158.0756088,2026-03-19 16:00:00,3202,3,0.009582058927491338,71.02192100981618,signal
short,158.6802576,0,0,1.0,3251,2026-03-31 20:00:00,159.6609258,2026-04-02 12:00:00,3261,10,-0.006280152558562501,-46.994322797588346,signal
short,158.753243,0,0,1.0,3252,2026-04-01 00:00:00,159.6609258,2026-04-02 12:00:00,3261,9,-0.0058175701286304025,-43.2594300368272,signal
short,158.7502436,0,0,1.0,3253,2026-04-01 04:00:00,159.6609258,2026-04-02 12:00:00,3261,8,-0.0058365719846995975,-43.1482409911026,signal
long,159.7359408,0,0,1.0,3300,2026-04-13 00:00:00,159.6920552,2026-04-13 04:00:00,3301,1,-0.00037473842004635485,-2.754173236308884,signal
short,159.0321872,0,0,1.0,3308,2026-04-14 08:00:00,158.7447426,2026-04-14 12:00:00,3309,1,0.0017074617790329603,12.544439055098891,signal
short,158.7422452,0,0,1.0,3314,2026-04-15 08:00:00,159.136821,2026-04-15 12:00:00,3315,1,-0.0025856382716702565,-19.028691764023694,signal
short,160.26294099999998,0,0,1.0,3378,2026-04-30 00:00:00,156.85236419999998,2026-04-30 12:00:00,3381,3,0.021181131986714268,155.4769267897335,signal
short,155.9008136,0,0,1.0,3403,2026-05-06 04:00:00,156.3102558,2026-05-06 12:00:00,3405,2,-0.002726299315220513,-20.435868411023783,signal
short,155.94680440000002,0,0,1.0,3404,2026-05-06 08:00:00,156.3102558,2026-05-06 12:00:00,3405,1,-0.0024306113991776927,-18.169771248941554,signal
short,156.32272920000003,0,0,1.0,3407,2026-05-06 20:00:00,156.3522642,2026-05-07 00:00:00,3408,1,-0.0002889360565231318,-2.1546601742239577,signal
short,156.3247288,0,0,1.0,3409,2026-05-07 04:00:00,156.6643266,2026-05-07 16:00:00,3412,3,-0.0022723869448350964,-16.940796570659973,signal
short,157.553483,0,0,1.0,3427,2026-05-12 04:00:00,157.64752320000002,2026-05-12 08:00:00,3428,1,-0.0006968779503276569,-5.183466034665616,signal
