feature,drift_z,ar1,ic_train_h1,z_train_h1,ic_val_h1,ic_test_h1,volic_train_h1,volic_val_h1,stable_h1,ic_train_h5,z_train_h5,ic_val_h5,ic_test_h5,volic_train_h5,volic_val_h5,stable_h5,ic_train_h20,z_train_h20,ic_val_h20,ic_test_h20,volic_train_h20,volic_val_h20,stable_h20
rsi_6,0.14677,0.84863,-0.00769,-1.06665,-0.02532,0.00411,-0.00625,0.03178,False,-0.00304,-0.22167,0.00483,0.01001,0.00046,0.00111,False,0.01933,0.85356,0.05177,-0.03002,0.00632,0.06524,False
rsi_10,0.16653,0.90629,-0.00552,-0.70932,-0.01893,0.00561,-0.00569,0.04097,False,-0.00173,-0.11852,0.01385,0.00285,0.00736,0.02411,False,0.01898,0.69830,0.06960,-0.04192,0.01091,0.06746,False
rsi_14,0.16974,0.93205,-0.00384,-0.46484,-0.01299,0.00457,-0.00555,0.04849,False,0.00012,0.00800,0.02114,-0.00435,0.01298,0.03727,False,0.01750,0.59039,0.07832,-0.04980,0.01551,0.06537,False
rsi_18,0.19980,0.94667,-0.00264,-0.30559,-0.00887,0.00269,-0.00541,0.05503,False,0.00158,0.10026,0.02553,-0.00972,0.01848,0.04569,False,0.01621,0.52000,0.08236,-0.05411,0.02015,0.06022,False
rsi_22,0.21056,0.95606,-0.00167,-0.18825,-0.00637,0.00035,-0.00509,0.06043,False,0.00246,0.15253,0.02771,-0.01350,0.02352,0.05113,False,0.01499,0.46595,0.08264,-0.05685,0.02503,0.05464,False
rsi_26,0.21757,0.96259,-0.00088,-0.09836,-0.00464,-0.00164,-0.00432,0.06554,False,0.00286,0.17483,0.02893,-0.01663,0.02840,0.05509,False,0.01383,0.42097,0.08214,-0.05867,0.02980,0.04928,False
rsi_30,0.24208,0.96739,-0.00026,-0.02820,-0.00322,-0.00324,-0.00320,0.07001,False,0.00285,0.17195,0.02980,-0.01904,0.03305,0.05857,False,0.01248,0.37440,0.08057,-0.06005,0.03457,0.04429,False
rsi_34,0.25550,0.97106,0.00029,0.03224,-0.00166,-0.00452,-0.00194,0.07417,False,0.00287,0.17190,0.03075,-0.02139,0.03740,0.06100,False,0.01119,0.33206,0.07815,-0.06110,0.03921,0.04016,False
rsi_36,0.26709,0.97259,0.00053,0.05861,-0.00123,-0.00502,-0.00132,0.07613,False,0.00286,0.17059,0.03099,-0.02230,0.03947,0.06206,False,0.01055,0.31143,0.07652,-0.06141,0.04141,0.03795,False
ema_20,3.19963,0.99999,0.00370,0.42798,-0.00198,0.00453,0.05767,-0.00193,False,-0.00327,-0.17641,-0.00711,0.00470,0.06405,-0.01715,False,-0.03507,-0.93735,-0.05044,0.02434,0.04874,-0.11752,False
ema_50,3.20558,1.00000,0.00369,0.42847,-0.00227,0.00726,0.05796,-0.01120,False,-0.00337,-0.18248,-0.00766,0.01074,0.06182,-0.02682,False,-0.03584,-0.96230,-0.05471,0.04157,0.04732,-0.11754,False
ema_100,3.22029,1.00000,0.00333,0.38914,-0.00013,0.01134,0.05701,-0.02507,False,-0.00368,-0.19906,-0.00502,0.01913,0.05714,-0.03930,False,-0.03653,-0.98087,-0.04841,0.05437,0.04323,-0.12480,False
ema_200,3.10485,1.00000,0.00210,0.24665,0.00036,0.01521,0.05438,-0.03882,False,-0.00511,-0.27754,-0.00290,0.02975,0.04955,-0.04812,False,-0.03861,-1.04017,-0.03661,0.07254,0.03597,-0.12229,False
atr_6,0.99845,0.96868,0.00972,1.27339,0.02865,0.01378,0.18348,0.15157,False,0.00432,0.27916,0.01826,-0.02311,0.15948,0.11540,False,-0.03696,-1.19158,0.03900,-0.00466,0.15020,0.04453,False
atr_10,1.04780,0.98203,0.01551,1.92933,0.02256,0.00538,0.16126,0.11841,False,0.00309,0.18647,0.01320,-0.01094,0.16976,0.12920,False,-0.04254,-1.29905,0.02571,0.00874,0.14857,0.04668,False
atr_14,1.09110,0.99083,0.00790,0.91368,0.01722,0.01174,0.19518,0.18668,False,-0.00315,-0.18128,0.02397,-0.00724,0.17135,0.12341,False,-0.04621,-1.36687,0.01869,0.01217,0.15111,0.05816,False
atr_18,1.12349,0.99502,0.00968,1.12524,0.01693,0.01155,0.18619,0.17291,False,-0.00794,-0.44814,0.02118,-0.00684,0.17891,0.13653,False,-0.04383,-1.28331,0.00319,0.01258,0.14553,0.07018,False
atr_22,1.15258,0.99554,0.00700,0.78859,0.02105,0.00883,0.17987,0.16064,False,-0.01156,-0.63452,0.01711,-0.00560,0.17676,0.13814,False,-0.04152,-1.21739,-0.00521,0.01248,0.14396,0.07133,False
atr_26,1.16046,0.99720,0.00305,0.32951,0.01065,0.01350,0.19369,0.19374,False,-0.01240,-0.67781,0.00414,-0.00312,0.17762,0.13787,False,-0.04000,-1.17738,-0.01483,0.01250,0.14742,0.06575,False
atr_30,1.17856,0.99791,0.00457,0.50620,0.01032,0.01217,0.18272,0.17875,False,-0.01024,-0.57335,-0.00693,0.00015,0.18194,0.14407,False,-0.03749,-1.11420,-0.01675,0.01094,0.14724,0.05590,False
atr_34,1.18462,0.99798,0.00401,0.44396,0.00280,0.01414,0.18114,0.18175,False,-0.00881,-0.49874,-0.01331,0.00143,0.17614,0.14438,False,-0.03596,-1.07839,-0.01683,0.00952,0.14695,0.05116,False
atr_38,1.18353,0.99863,0.00345,0.38333,-0.00024,0.01580,0.18771,0.19774,False,-0.00806,-0.45930,-0.01106,0.00278,0.17621,0.14088,False,-0.03620,-1.08853,-0.01864,0.01133,0.14610,0.05154,False
atr_42,1.20412,0.99879,0.00441,0.49540,0.00248,0.01668,0.17776,0.17696,False,-0.00930,-0.53392,-0.01614,0.00166,0.17536,0.13973,False,-0.03625,-1.09544,-0.02455,0.01639,0.14150,0.04699,False
atr_46,1.19751,0.99881,0.00342,0.38636,0.00360,0.01717,0.17797,0.17991,False,-0.00888,-0.51732,-0.01400,0.00219,0.17195,0.13711,False,-0.03568,-1.07920,-0.03333,0.02064,0.14108,0.03795,False
atr_50,1.20050,0.99921,0.00274,0.30911,-0.00170,0.01785,0.18127,0.18590,False,-0.00880,-0.51726,-0.01843,0.00236,0.17361,0.14261,False,-0.03505,-1.06025,-0.04368,0.02668,0.14264,0.03116,False
atr_54,1.20300,0.99917,0.00384,0.43735,-0.00031,0.01829,0.17352,0.17118,False,-0.00926,-0.54114,-0.02401,0.00664,0.17332,0.14485,False,-0.03399,-1.02684,-0.05277,0.03099,0.14271,0.02647,False
atr_56,1.20512,0.99938,0.00296,0.33461,-0.00300,0.01921,0.17961,0.18442,False,-0.00946,-0.55123,-0.02906,0.00871,0.17248,0.14407,False,-0.03356,-1.01326,-0.05806,0.03269,0.14431,0.02549,False
stoch_3,0.14317,0.80574,-0.01593,-1.95626,-0.04153,0.00431,0.00292,0.03511,False,0.00433,0.31019,0.00338,0.00886,-0.00551,-0.02626,False,0.01551,1.12071,0.02114,-0.02602,0.01887,0.02431,False
stoch_4,0.15067,0.85099,-0.01365,-1.77500,-0.03589,0.00636,-0.00322,0.03008,False,0.00346,0.23204,0.00875,0.00628,-0.00193,-0.02606,False,0.01749,1.14611,0.02405,-0.03131,0.01936,0.02673,False
stoch_5,0.14672,0.88106,-0.01095,-1.46738,-0.03000,0.00540,-0.00635,0.01883,False,0.00478,0.31593,0.01336,0.00369,0.00229,-0.02536,False,0.01826,1.11089,0.02574,-0.03361,0.01731,0.02919,False
stoch_6,0.16209,0.89978,-0.00970,-1.30895,-0.02750,0.00447,-0.00807,0.00971,False,0.00433,0.28993,0.01542,0.00314,0.00256,-0.02717,False,0.01766,1.01057,0.02737,-0.03384,0.01442,0.03079,False
stoch_7,0.15742,0.91250,-0.00941,-1.26558,-0.02601,0.00706,-0.00806,0.00681,False,0.00423,0.28752,0.01379,0.00272,0.00180,-0.02713,False,0.01788,0.97201,0.02886,-0.03301,0.01040,0.03325,False
stoch_8,0.17099,0.92246,-0.00830,-1.11712,-0.02494,0.00990,-0.00763,0.00859,False,0.00389,0.26291,0.01114,0.00170,0.00100,-0.02248,False,0.01901,0.98747,0.02993,-0.03106,0.00655,0.03526,False
stoch_9,0.19975,0.93076,-0.00624,-0.84901,-0.02427,0.01020,-0.00742,0.01121,False,0.00284,0.18824,0.00955,0.00052,0.00021,-0.01545,False,0.01998,0.99126,0.03010,-0.02968,0.00310,0.03607,False
stoch_10,0.20065,0.93725,-0.00534,-0.75991,-0.02278,0.00875,-0.00862,0.01605,False,0.00034,0.02206,0.00664,-0.00025,-0.00032,-0.00556,False,0.02034,0.96381,0.02775,-0.03075,0.00067,0.03440,False
stoch_11,0.21781,0.94236,-0.00511,-0.73316,-0.02275,0.00914,-0.00903,0.01909,False,-0.00216,-0.13794,0.00470,-0.00003,-0.00053,0.00378,False,0.02078,0.94571,0.02621,-0.03275,-0.00061,0.03384,False
stoch_12,0.22645,0.94635,-0.00595,-0.84749,-0.02207,0.00901,-0.00971,0.02064,False,-0.00402,-0.25371,0.00470,0.00081,0.00031,0.01229,False,0.02151,0.94422,0.02680,-0.03466,-0.00098,0.03443,False
stoch_13,0.22842,0.94980,-0.00692,-0.95445,-0.02289,0.01098,-0.01006,0.02077,False,-0.00479,-0.30046,0.00432,0.00202,0.00135,0.01769,False,0.02170,0.92240,0.02833,-0.03649,-0.00131,0.03576,False
stoch_14,0.25227,0.95294,-0.00770,-1.02406,-0.02338,0.01347,-0.01014,0.02277,False,-0.00381,-0.23654,0.00328,0.00342,0.00206,0.02150,False,0.02194,0.90276,0.03097,-0.03817,-0.00209,0.03761,False
stoch_15,0.25221,0.95577,-0.00783,-1.00344,-0.02394,0.01481,-0.01038,0.02599,False,-0.00193,-0.11794,0.00119,0.00377,0.00219,0.02285,False,0.02241,0.89355,0.03519,-0.03944,-0.00340,0.04054,False
stoch_16,0.25783,0.95859,-0.00612,-0.76699,-0.02292,0.01416,-0.00971,0.03089,False,-0.00008,-0.00462,-0.00034,0.00331,0.00234,0.02223,False,0.02306,0.89189,0.03988,-0.04115,-0.00426,0.04309,False
stoch_17,0.25303,0.96114,-0.00427,-0.51976,-0.02224,0.01292,-0.00961,0.03301,False,0.00090,0.05350,-0.00153,0.00272,0.00283,0.02137,False,0.02379,0.89515,0.04519,-0.04212,-0.00465,0.04579,False
stoch_18,0.24709,0.96329,-0.00333,-0.39624,-0.02134,0.01368,-0.01005,0.03497,False,0.00144,0.08392,-0.00171,0.00381,0.00373,0.02118,False,0.02388,0.87559,0.04998,-0.04256,-0.00400,0.04836,False
stoch_19,0.24541,0.96500,-0.00359,-0.41846,-0.02218,0.01572,-0.01075,0.03630,False,0.00206,0.11895,-0.00102,0.00560,0.00460,0.02249,False,0.02329,0.83487,0.05510,-0.04224,-0.00249,0.05089,False
stoch_20,0.25347,0.96640,-0.00404,-0.46683,-0.02187,0.01723,-0.01036,0.03663,False,0.00318,0.18223,0.00128,0.00747,0.00498,0.02478,False,0.02196,0.77203,0.06107,-0.04141,-0.00111,0.05280,False
stoch_21,0.26243,0.96772,-0.00398,-0.45631,-0.02066,0.01869,-0.00930,0.03727,False,0.00461,0.26408,0.00523,0.00832,0.00502,0.02794,False,0.02084,0.71992,0.06756,-0.04078,0.00005,0.05480,False
stoch_22,0.26339,0.96908,-0.00350,-0.39777,-0.01850,0.02043,-0.00877,0.03845,False,0.00560,0.32080,0.00940,0.00837,0.00508,0.03085,False,0.01989,0.67630,0.07364,-0.04091,0.00044,0.05583,False
stoch_23,0.27354,0.97057,-0.00222,-0.25006,-0.01679,0.02131,-0.00866,0.03909,False,0.00638,0.36549,0.01241,0.00808,0.00534,0.03378,False,0.01889,0.63235,0.07960,-0.04173,0.00112,0.05504,False
stoch_24,0.28030,0.97181,-0.00126,-0.14102,-0.01523,0.02186,-0.00826,0.03927,False,0.00651,0.37486,0.01474,0.00874,0.00547,0.03502,False,0.01780,0.58865,0.08500,-0.04223,0.00198,0.05408,False
stoch_25,0.28006,0.97277,-0.00122,-0.13655,-0.01421,0.02206,-0.00792,0.04015,False,0.00641,0.37073,0.01645,0.00910,0.00522,0.03654,False,0.01678,0.54918,0.08927,-0.04231,0.00300,0.05395,False
stoch_26,0.28214,0.97368,-0.00137,-0.15378,-0.01402,0.02274,-0.00810,0.04240,False,0.00654,0.37975,0.01800,0.00888,0.00518,0.03815,False,0.01579,0.51202,0.09255,-0.04278,0.00339,0.05379,False
cci_4,0.21841,0.52283,-0.01194,-1.37655,-0.02875,0.01171,0.00126,0.03066,False,0.00230,0.22549,0.00054,0.03549,-0.02063,-0.02255,False,0.01684,1.58937,0.03691,-0.00871,0.00135,0.02995,False
cci_6,0.20117,0.66347,-0.00824,-1.04622,-0.02779,0.01570,-0.00040,0.02862,False,0.00020,0.01672,0.01067,0.03959,-0.01409,-0.01946,False,0.01488,1.12090,0.03148,-0.01054,0.00430,0.05221,False
cci_8,0.18824,0.74803,-0.00491,-0.68170,-0.02581,0.01301,-0.00441,0.01638,False,0.00011,0.00836,0.01055,0.03710,-0.00945,-0.02417,False,0.01733,1.12431,0.02335,-0.01322,0.00224,0.05614,False
cci_10,0.18497,0.79906,-0.00372,-0.50147,-0.02290,0.02085,-0.00042,0.01942,False,0.00062,0.04620,0.01129,0.04562,-0.00619,-0.01935,False,0.02079,1.18922,0.02111,-0.01510,-0.00279,0.05868,False
cci_12,0.19693,0.83001,-0.00131,-0.18190,-0.02044,0.02240,0.00050,0.02298,False,-0.00004,-0.00276,0.00507,0.04693,-0.00497,-0.00789,False,0.02165,1.11934,0.02225,-0.01937,-0.00695,0.05972,False
cci_14,0.20958,0.85513,-0.00246,-0.35409,-0.02514,0.02380,-0.00120,0.02522,False,-0.00291,-0.20044,-0.00149,0.04362,-0.00210,0.00362,False,0.02103,1.01352,0.02275,-0.02478,-0.00824,0.06101,False
cci_16,0.22659,0.87611,-0.00255,-0.36076,-0.02555,0.02337,-0.00306,0.02699,False,-0.00258,-0.17243,-0.00112,0.03842,-0.00171,0.01538,False,0.02052,0.92871,0.02659,-0.03225,-0.00797,0.06189,False
cci_18,0.22607,0.89077,-0.00100,-0.13434,-0.02547,0.02420,-0.00523,0.03104,False,0.00029,0.01911,0.00163,0.03340,-0.00209,0.02182,False,0.02052,0.87247,0.03450,-0.03797,-0.00806,0.06205,False
cci_20,0.21732,0.90214,0.00011,0.01400,-0.02139,0.02431,-0.00713,0.03535,False,0.00109,0.06981,0.00729,0.02764,-0.00137,0.02739,False,0.01980,0.79598,0.04322,-0.04158,-0.00779,0.05981,False
cci_22,0.20247,0.91285,-0.00015,-0.01918,-0.01752,0.02397,-0.00778,0.03907,False,0.00129,0.08196,0.01250,0.02433,-0.00077,0.03434,False,0.01887,0.72411,0.05266,-0.04424,-0.00656,0.05822,False
cci_24,0.21254,0.92062,-0.00070,-0.08620,-0.01501,0.02373,-0.00775,0.04039,False,0.00127,0.08117,0.01680,0.02165,-0.00101,0.03984,False,0.01800,0.66317,0.06094,-0.04807,-0.00532,0.05781,False
cci_26,0.20713,0.92721,-0.00049,-0.05954,-0.01406,0.02231,-0.00813,0.04262,False,0.00130,0.08271,0.01958,0.01843,-0.00187,0.04322,False,0.01759,0.62439,0.06882,-0.05215,-0.00450,0.05699,False
cci_28,0.21976,0.93362,-0.00016,-0.01925,-0.01169,0.02111,-0.00852,0.04496,False,0.00146,0.09359,0.02099,0.01463,-0.00215,0.04524,False,0.01752,0.60160,0.07541,-0.05459,-0.00351,0.05740,False
cci_30,0.22775,0.93822,-0.00034,-0.04073,-0.01154,0.02066,-0.00975,0.04798,False,0.00265,0.16914,0.02137,0.01092,-0.00186,0.04715,False,0.01790,0.59656,0.07860,-0.05562,-0.00328,0.05918,False
cci_32,0.23321,0.94206,-0.00001,-0.00084,-0.01256,0.01957,-0.01077,0.04949,False,0.00427,0.26872,0.02246,0.00865,-0.00113,0.04831,False,0.01828,0.59332,0.08108,-0.05615,-0.00277,0.06061,False
cci_34,0.22944,0.94637,0.00014,0.01577,-0.01196,0.01878,-0.01101,0.04860,False,0.00551,0.34300,0.02535,0.00683,-0.00004,0.04876,False,0.01838,0.58385,0.08385,-0.05704,-0.00173,0.06202,False
cci_36,0.22972,0.95021,0.00030,0.03438,-0.00998,0.01729,-0.01039,0.04792,False,0.00681,0.42127,0.02777,0.00472,0.00092,0.04925,False,0.01847,0.57656,0.08581,-0.05735,-0.00035,0.06424,False
cci_38,0.23497,0.95311,0.00082,0.09316,-0.00889,0.01671,-0.01023,0.04729,False,0.00792,0.48760,0.02891,0.00303,0.00127,0.04899,False,0.01900,0.58515,0.08651,-0.05738,0.00166,0.06677,False
cci_40,0.24416,0.95572,0.00143,0.16324,-0.00717,0.01528,-0.01066,0.04606,False,0.00858,0.52538,0.03020,0.00121,0.00154,0.04950,False,0.01966,0.59878,0.08677,-0.05817,0.00442,0.06890,False
wpr_4,0.15605,0.56131,-0.01979,-2.54863,-0.03513,-0.00827,0.00455,0.04015,False,0.00245,0.21471,-0.00483,0.01393,-0.00892,-0.02744,False,0.01696,1.39352,0.01867,-0.01939,0.01729,0.02424,False
wpr_6,0.16629,0.69810,-0.01338,-1.78389,-0.02327,-0.00217,-0.00485,0.03190,False,0.00301,0.23030,0.00647,0.01287,-0.00159,-0.02561,False,0.01812,1.17655,0.02578,-0.02242,0.01624,0.04325,False
wpr_8,0.17724,0.76876,-0.00983,-1.40731,-0.02589,-0.00068,-0.00653,0.01427,False,0.00481,0.37207,0.00503,0.01143,0.00065,-0.03174,False,0.02000,1.15308,0.02461,-0.02148,0.01053,0.04345,False
wpr_10,0.20279,0.80549,-0.00750,-1.02220,-0.02472,0.00414,-0.00508,0.02095,False,0.00447,0.33566,0.00454,0.01072,-0.00087,-0.01935,False,0.02255,1.16176,0.02514,-0.01893,0.00374,0.04474,False
wpr_12,0.23232,0.83305,-0.00692,-1.03431,-0.02524,-0.00022,-0.00689,0.02635,False,-0.00120,-0.08502,-0.00014,0.01011,-0.00252,-0.00542,False,0.02344,1.10433,0.02441,-0.02297,-0.00007,0.04116,False
wpr_14,0.22803,0.85755,-0.00722,-1.03050,-0.02668,0.00218,-0.00739,0.02439,False,-0.00361,-0.24895,-0.00133,0.01535,-0.00047,0.01213,False,0.02476,1.08517,0.02550,-0.02501,-0.00123,0.04322,False
wpr_16,0.24493,0.87068,-0.00889,-1.17307,-0.02558,0.00825,-0.00672,0.03002,False,-0.00115,-0.07612,-0.00532,0.01801,0.00012,0.01786,False,0.02484,1.01749,0.03157,-0.02675,-0.00340,0.04954,False
wpr_18,0.24437,0.88507,-0.00459,-0.59345,-0.02408,0.00814,-0.00587,0.03813,False,0.00119,0.07558,-0.00838,0.01663,0.00076,0.01748,False,0.02636,1.01804,0.04072,-0.03008,-0.00449,0.05302,False
wpr_20,0.24517,0.89643,-0.00424,-0.51607,-0.02326,0.01055,-0.00769,0.03804,False,0.00128,0.07797,-0.00567,0.01887,0.00193,0.01908,False,0.02433,0.89529,0.05064,-0.02935,-0.00235,0.05759,False
wpr_22,0.27016,0.90416,-0.00498,-0.59670,-0.02247,0.01445,-0.00673,0.04038,False,0.00368,0.22257,0.00135,0.02151,0.00234,0.02379,False,0.02167,0.76839,0.06338,-0.02880,0.00033,0.05976,False
wpr_24,0.26830,0.91193,-0.00390,-0.45532,-0.01871,0.01765,-0.00582,0.04375,False,0.00546,0.32839,0.00752,0.02210,0.00290,0.02880,False,0.02021,0.69367,0.07560,-0.03016,0.00201,0.06051,False
wpr_26,0.26841,0.91968,-0.00219,-0.25577,-0.01600,0.01656,-0.00498,0.04264,False,0.00543,0.32888,0.01244,0.02273,0.00327,0.03102,False,0.01862,0.62523,0.08580,-0.03098,0.00382,0.05831,False
wpr_28,0.26501,0.92445,-0.00225,-0.26092,-0.01559,0.01814,-0.00685,0.04739,False,0.00648,0.39282,0.01519,0.02155,0.00302,0.03511,False,0.01726,0.56839,0.09082,-0.03162,0.00371,0.05986,False
wpr_30,0.26198,0.92888,-0.00138,-0.15807,-0.01499,0.01866,-0.00761,0.05322,False,0.00711,0.42616,0.01909,0.01615,0.00416,0.03634,False,0.01647,0.53324,0.09309,-0.03384,0.00272,0.05948,False
wpr_32,0.26821,0.93404,-0.00101,-0.11362,-0.01197,0.01681,-0.00834,0.05198,False,0.00640,0.38321,0.02724,0.01233,0.00441,0.03691,False,0.01521,0.48459,0.09631,-0.03618,0.00217,0.05415,False
wpr_34,0.26297,0.93692,-0.00143,-0.16114,-0.00970,0.01411,-0.00889,0.05004,False,0.00638,0.38154,0.03011,0.01151,0.00439,0.03748,False,0.01392,0.43681,0.09759,-0.03728,0.00178,0.04775,False
wpr_36,0.27431,0.93993,-0.00175,-0.19634,-0.00748,0.01558,-0.00887,0.05112,False,0.00619,0.37124,0.03149,0.01170,0.00477,0.03701,False,0.01326,0.40822,0.09841,-0.03714,0.00247,0.04433,False
wpr_38,0.28138,0.94309,0.00011,0.01177,-0.00617,0.01642,-0.00902,0.04954,False,0.00594,0.35637,0.03356,0.01360,0.00458,0.03788,False,0.01298,0.39232,0.09942,-0.03778,0.00415,0.04175,False
wpr_40,0.28487,0.94532,0.00015,0.01669,-0.00462,0.01272,-0.00924,0.04675,False,0.00510,0.30311,0.03448,0.01408,0.00489,0.04073,False,0.01317,0.39294,0.10037,-0.03896,0.00772,0.04105,False
adx_4,0.09044,0.79770,-0.00374,-0.38032,-0.02819,0.05199,0.04003,0.01045,False,-0.00392,-0.23494,-0.01968,0.06514,0.01841,-0.04420,False,0.00719,0.40056,-0.02021,0.01395,0.02348,-0.03288,False
adx_6,0.13052,0.89345,0.00065,0.06289,-0.01657,0.04714,0.03997,-0.01046,False,0.01253,0.73576,-0.01382,0.03583,0.01785,-0.02564,False,0.01075,0.51332,0.01618,-0.01750,0.03295,-0.03237,False
adx_8,0.15726,0.93694,0.00910,0.91911,-0.01154,0.03891,0.04219,-0.01437,False,0.02375,1.37163,-0.01219,0.00427,0.01782,-0.00228,False,0.00888,0.37867,0.04435,-0.05370,0.04049,-0.04078,False
adx_10,0.15888,0.95884,0.01368,1.42707,-0.00831,0.02851,0.04565,-0.01230,False,0.02640,1.51854,-0.00636,-0.01903,0.01909,0.01114,False,0.00562,0.21932,0.06657,-0.08297,0.04469,-0.04944,False
adx_12,0.15660,0.97124,0.01749,1.89011,-0.00398,0.02161,0.04819,-0.00681,False,0.02804,1.64321,0.00467,-0.03464,0.02092,0.01847,False,0.00603,0.22152,0.08660,-0.10303,0.04685,-0.05031,False
adx_14,0.15423,0.97883,0.02010,2.25218,-0.00033,0.01709,0.04950,0.00155,False,0.02876,1.70469,0.01571,-0.04325,0.02242,0.02271,False,0.00882,0.31129,0.10024,-0.11223,0.04774,-0.04840,False
adx_16,0.14317,0.98378,0.02190,2.54228,0.00394,0.01400,0.05053,0.00920,False,0.02932,1.75297,0.02582,-0.04701,0.02325,0.02334,False,0.01253,0.43084,0.11055,-0.11300,0.04749,-0.04425,False
adx_18,0.14277,0.98718,0.02310,2.76250,0.00827,0.01173,0.05117,0.01759,False,0.02918,1.75650,0.03482,-0.04829,0.02435,0.02290,False,0.01656,0.55736,0.11776,-0.11162,0.04670,-0.03821,False
adx_20,0.12869,0.98961,0.02376,2.91307,0.01152,0.01074,0.05180,0.02437,False,0.02858,1.72700,0.04160,-0.04758,0.02592,0.02104,False,0.01977,0.65372,0.12123,-0.10889,0.04588,-0.03239,False
adx_22,0.11078,0.99141,0.02428,3.03570,0.01368,0.00980,0.05232,0.02964,True,0.02788,1.68715,0.04650,-0.04618,0.02784,0.01838,False,0.02317,0.75639,0.12266,-0.10692,0.04480,-0.02648,False
adx_24,0.09024,0.99279,0.02468,3.14013,0.01514,0.00930,0.05294,0.03282,True,0.02795,1.69142,0.04966,-0.04424,0.02958,0.01488,False,0.02699,0.87486,0.12163,-0.10461,0.04360,-0.02312,False
adx_26,0.07383,0.99387,0.02490,3.20730,0.01590,0.00895,0.05336,0.03577,True,0.02814,1.70171,0.05098,-0.04240,0.03104,0.01163,False,0.03005,0.96805,0.11957,-0.10333,0.04247,-0.02148,False
adx_28,0.07474,0.99474,0.02497,3.24816,0.01623,0.00835,0.05397,0.03835,True,0.02811,1.70115,0.05136,-0.04135,0.03244,0.00890,False,0.03227,1.03317,0.11682,-0.10400,0.04146,-0.02057,False
adx_30,0.06441,0.99544,0.02487,3.25306,0.01626,0.00771,0.05440,0.04024,True,0.02785,1.68730,0.05069,-0.04110,0.03331,0.00565,False,0.03404,1.08450,0.11298,-0.10543,0.04032,-0.02159,False
adx_32,0.05728,0.99602,0.02458,3.23521,0.01594,0.00690,0.05485,0.04113,True,0.02731,1.65720,0.04952,-0.04156,0.03412,0.00266,False,0.03538,1.12134,0.10920,-0.10679,0.03935,-0.02375,False
adx_34,0.06610,0.99649,0.02419,3.18395,0.01542,0.00564,0.05524,0.04195,True,0.02694,1.63349,0.04791,-0.04253,0.03473,0.00043,False,0.03679,1.15871,0.10530,-0.10815,0.03843,-0.02452,False
adx_36,0.06225,0.99688,0.02383,3.13906,0.01502,0.00464,0.05568,0.04299,True,0.02652,1.60680,0.04572,-0.04367,0.03517,-0.00175,False,0.03787,1.18556,0.10155,-0.10955,0.03770,-0.02495,False
ema_long,3.05992,1.00000,0.00183,0.21481,0.00167,0.01603,0.05350,-0.04331,False,-0.00517,-0.28085,0.00128,0.03133,0.04691,-0.05225,False,-0.03837,-1.03464,-0.03099,0.07696,0.03342,-0.11986,False
macd,0.32269,0.99344,-0.00032,-0.03509,0.00020,0.01253,-0.00512,0.06502,False,-0.00195,-0.11168,0.03259,-0.01596,0.01706,0.08280,False,-0.00356,-0.09931,0.10442,-0.07226,0.02246,0.05715,False
macd_signal,0.34219,0.99639,0.00334,0.35447,0.00974,-0.00187,-0.00301,0.07112,False,0.00045,0.02386,0.04858,-0.04442,0.02032,0.08723,False,-0.00438,-0.11663,0.11379,-0.09070,0.03080,0.04224,False
macd_hist,0.06985,0.96444,-0.00872,-1.12693,-0.03794,0.01412,-0.01124,-0.00409,False,-0.00777,-0.41509,-0.05520,0.00062,-0.00797,-0.01743,False,0.00597,0.24236,-0.02126,-0.01332,-0.01950,0.05049,False
bb_position,0.22529,0.91219,-0.00238,-0.28788,-0.01433,0.01599,-0.00818,0.04946,False,0.00218,0.14026,0.01675,0.01368,-0.00002,0.04210,False,0.01800,0.60435,0.07339,-0.05320,-0.00109,0.06153,False
hour,0.24060,0.19867,0.02675,3.59865,0.05048,0.00114,-0.08672,-0.09510,True,0.02124,3.76886,0.02181,0.02181,-0.05318,-0.05235,True,0.00498,1.79341,0.01424,0.00249,-0.01101,-0.01132,False
dow,0.07049,0.78105,0.02229,2.76117,0.02819,-0.00669,0.04589,0.03947,False,0.03242,2.30173,0.01381,-0.03032,0.03958,0.07337,False,-0.00716,-0.42032,-0.03503,0.00967,-0.01486,-0.00147,False
session_london,0.96748,0.35466,-0.04019,-3.62435,-0.03290,-0.01675,0.16471,0.19635,True,0.00853,1.54255,0.01558,-0.00898,-0.04929,-0.03569,False,-0.00662,-1.70874,0.00347,-0.00793,0.01585,0.00707,False
session_ny,0.74217,0.29597,0.01668,1.70364,0.04509,-0.00678,-0.19432,-0.22876,False,0.01379,2.33874,0.02001,0.03113,-0.04528,-0.05007,False,0.00600,1.74700,0.01264,0.00442,-0.02095,-0.01722,False
session_asia,0.96779,0.35419,-0.01469,-1.85763,-0.02377,0.00678,0.05059,0.06374,False,-0.01845,-3.18844,-0.01569,-0.01399,0.06047,0.05821,True,-0.00346,-1.11689,-0.01154,0.00031,0.01052,0.00711,False
hour_sin,0.03989,0.52337,-0.01596,-1.53570,-0.03351,0.01041,0.17929,0.21527,False,-0.00937,-1.65287,-0.00986,-0.02303,0.04612,0.04614,False,-0.00612,-1.64118,-0.01072,-0.00180,0.02180,0.01440,False
hour_cos,0.68952,0.50816,0.02311,2.12022,0.02280,0.00855,-0.18688,-0.22102,False,-0.01525,-2.86808,-0.01702,0.00947,0.05092,0.04075,False,0.00546,1.37978,-0.00477,0.00635,-0.01634,-0.00839,False
dow_sin,0.38058,0.91058,-0.02104,-3.02326,-0.01894,0.01462,-0.01294,-0.02654,False,-0.02768,-1.99984,0.00340,0.03334,-0.02645,-0.06274,False,0.02236,1.23172,0.04099,-0.02032,0.02454,-0.02701,False
dow_cos,0.10185,0.85120,-0.00687,-0.74444,-0.02483,-0.00519,-0.04024,-0.02624,False,-0.02150,-1.24238,-0.02463,0.00989,-0.06563,-0.06937,False,-0.00787,-0.54307,0.00726,0.00117,0.00364,0.02307,False
month_sin,0.03906,0.99895,0.00378,0.45387,0.01338,-0.02732,0.02810,0.02028,False,0.01187,0.70749,0.03554,-0.03587,0.04396,0.06620,False,0.02623,0.75612,0.00756,-0.04736,0.05648,-0.06284,False
month_cos,0.03120,0.99902,0.01905,1.85565,0.03220,0.01762,0.01314,0.04363,False,0.03223,1.46761,0.06375,0.03271,0.02170,0.01641,False,0.04514,1.04816,0.12455,0.06556,0.02933,0.04456,False
session_london_ny_overlap,0.43823,-0.19206,-0.04263,-4.46389,-0.02644,-0.02834,-0.06472,-0.09158,True,0.00608,1.03228,0.02123,0.01728,-0.05470,-0.05710,False,-0.00244,-1.04377,0.00545,-0.00185,-0.00827,-0.00732,False
session_active_count,0.68961,-0.47561,-0.04160,-4.30119,-0.01441,-0.01759,0.03124,0.04381,True,0.00351,0.66395,0.02038,0.00728,-0.03442,-0.02721,False,-0.00463,-1.85501,0.00431,-0.00363,0.00675,-0.00247,False
week_start,0.49021,0.79155,-0.01387,-1.54141,-0.01792,0.02168,-0.01283,-0.00241,False,-0.01937,-1.50939,-0.01339,0.00859,-0.04558,-0.05631,False,-0.01231,-0.94917,0.01325,0.00744,0.00205,0.03077,False
week_end,0.48332,0.79392,0.02376,2.53692,0.01158,-0.01919,0.02326,0.03030,False,0.02187,1.44472,-0.00767,-0.04290,-0.00234,0.03175,False,-0.01107,-0.86413,-0.03387,0.00897,-0.01331,0.01353,False
ret_1,0.03442,-0.01749,-0.01114,-1.15678,-0.00242,-0.00465,0.00223,0.02418,False,-0.00054,-0.06574,-0.02556,0.01860,-0.00606,-0.02015,False,0.00234,0.32300,0.00911,-0.00605,0.00495,0.02945,False
ret_3,0.07150,0.65407,-0.01837,-2.14627,-0.03475,0.00024,0.00145,0.02659,False,-0.00435,-0.40054,-0.01401,0.02590,-0.00370,-0.02619,False,0.00986,0.84444,0.01083,-0.00798,0.00546,0.04328,False
ret_5,0.07722,0.79622,-0.01110,-1.47704,-0.02341,0.01743,-0.00130,0.03640,False,-0.00737,-0.55120,-0.00366,0.01876,0.00253,-0.02777,False,0.01062,0.67414,0.00898,-0.01774,0.00988,0.07125,False
ret_10,0.10922,0.89685,-0.00925,-1.24395,-0.01542,0.01970,-0.00565,0.03803,False,-0.00018,-0.01110,-0.02563,0.00189,0.00336,0.01401,False,0.01222,0.53239,0.03072,-0.04584,0.00095,0.05514,False
ret_20,0.13962,0.94983,0.00086,0.09048,-0.00268,0.01343,-0.00679,0.05295,False,0.00793,0.46382,0.01113,-0.00833,0.00779,0.05525,False,0.00231,0.07112,0.09472,-0.07309,0.01247,0.07532,False
close_zscore,0.27210,0.94794,0.00055,0.06233,-0.00390,0.00404,-0.00938,0.05139,False,0.00909,0.54143,0.03091,-0.00759,0.00926,0.05237,False,0.01850,0.54254,0.08506,-0.07168,0.01678,0.08106,False
pct_rank,0.44764,0.96667,0.00429,0.46941,0.00085,-0.00112,-0.00833,0.07234,False,0.00840,0.47473,0.02597,-0.01005,0.03069,0.06598,False,0.01763,0.50691,0.04276,-0.06175,0.02945,0.05410,False
sharpe_20,0.12977,0.94551,0.00201,0.21299,0.00075,0.00731,-0.00436,0.04748,False,0.00651,0.38497,0.01702,-0.01791,0.01290,0.04565,False,0.01483,0.48399,0.08586,-0.07351,0.01035,0.06484,False
hl_range,0.11388,0.42545,-0.00197,-0.24041,0.00011,0.00083,0.20768,0.20185,False,-0.00254,-0.22294,0.02861,-0.01853,0.07657,0.03646,False,-0.02564,-1.32865,0.03744,-0.03605,0.11381,0.03280,False
body_size,0.20779,0.20180,0.01018,1.12573,-0.00907,0.00595,0.13230,0.13369,False,-0.00281,-0.29172,-0.00903,-0.00274,0.02302,0.02630,False,-0.01835,-1.64737,0.01580,-0.01776,0.05689,0.01483,False
d1_rsi,0.36897,0.98612,0.00775,0.85758,0.00631,0.00053,0.01039,0.09323,False,0.00574,0.32603,0.03055,-0.01539,0.06334,0.06898,False,0.00675,0.18461,0.04457,-0.03128,0.06870,0.00576,False
d1_ema_fast,3.05064,1.00000,0.00143,0.16736,0.00019,0.01411,0.05290,-0.04216,False,-0.00569,-0.30789,-0.00102,0.02855,0.04664,-0.05180,False,-0.03944,-1.06040,-0.03084,0.07505,0.03282,-0.11812,False
d1_ema_slow,2.63223,1.00000,0.00138,0.15114,0.00379,0.01961,0.03307,-0.04733,False,-0.00042,-0.02148,0.00708,0.04059,0.01708,-0.07276,False,-0.02729,-0.69131,0.00757,0.09425,-0.00787,-0.05510,False
d1_trend_dir,0.74612,0.99505,0.00812,0.94046,-0.01138,,0.02829,-0.08578,False,0.00154,0.08027,-0.02383,,0.02464,-0.09273,False,-0.02223,-0.57415,-0.08724,,0.02826,-0.17689,False
d1_atr,1.24281,0.99587,0.00033,0.03652,-0.00191,0.01663,0.19121,0.19347,False,-0.00851,-0.49164,-0.01014,0.00016,0.17038,0.14782,False,-0.02508,-0.74801,-0.00232,-0.01050,0.14025,0.03677,False
d1_atr_pct,0.29516,0.97394,-0.00549,-0.55520,0.00142,0.03539,0.14317,0.19700,False,-0.01948,-1.06933,-0.00029,0.01150,0.07945,0.14149,False,-0.02455,-0.64202,0.03681,-0.01851,0.04295,0.11773,False
d1_adx,0.13162,0.99474,0.01421,1.78832,-0.01089,0.01135,0.05283,0.07230,False,0.01649,1.02852,-0.01407,-0.01120,0.03899,0.00744,False,0.05000,1.68007,0.02160,-0.03862,0.03741,0.06843,False
d1_alignment,0.92448,0.95473,-0.01472,-1.72442,0.00886,-0.01477,0.00579,0.08293,False,-0.02747,-1.59413,0.03646,-0.04558,0.03719,0.06260,False,-0.05840,-1.73515,0.05876,-0.09530,0.05667,0.06980,False
atr_percentile_100,0.06478,0.93215,-0.00843,-1.14242,0.01924,0.00549,-0.03179,-0.04661,False,-0.01768,-1.21923,0.05171,0.01391,-0.01987,-0.11559,False,-0.02113,-0.72361,0.09702,0.10390,0.03308,0.01102,False
atr_zscore_100,0.19103,0.94496,-0.00914,-1.25016,0.01830,-0.00121,-0.03543,-0.04891,False,-0.01924,-1.30598,0.05106,0.00274,-0.02269,-0.12198,False,-0.02322,-0.79193,0.09927,0.09164,0.02652,0.01135,False
vol_state,0.07612,0.86283,-0.00664,-0.89680,0.01258,0.01051,-0.03213,-0.03904,False,-0.01456,-1.07328,0.03507,0.01835,-0.01812,-0.10848,False,-0.01236,-0.44493,0.06859,0.07734,0.03125,0.00135,False
adx_trending,0.75670,0.83340,0.01277,1.41928,-0.00329,0.03678,0.03757,0.00938,False,0.02429,1.38966,0.00979,-0.00454,0.01058,0.01165,False,0.00582,0.23098,0.08361,-0.07067,0.04451,-0.06461,False
adx_strong,0.49441,0.86058,0.01339,1.56070,-0.00483,0.01247,0.03751,-0.00171,False,0.00932,0.60905,0.00654,-0.05565,0.01622,0.03431,False,-0.00477,-0.20336,0.08873,-0.08996,0.03148,-0.00241,False
range_pos_50,0.31319,0.95522,-0.00016,-0.01777,-0.00037,0.01147,-0.00949,0.05188,False,0.00772,0.43619,0.03672,0.01041,0.01163,0.03885,False,0.01690,0.48761,0.09774,-0.04667,0.02004,0.04725,False
range_pos_20,0.24517,0.89643,-0.00424,-0.51607,-0.02326,0.01055,-0.00769,0.03804,False,0.00128,0.07797,-0.00567,0.01887,0.00193,0.01908,False,0.02433,0.89529,0.05064,-0.02935,-0.00235,0.05759,False
dist_ema50,0.22051,0.95939,-0.00355,-0.39036,-0.00775,0.00225,-0.00092,0.06687,False,-0.00105,-0.06478,0.02448,-0.01401,0.02871,0.06308,False,0.00439,0.12932,0.07979,-0.07431,0.03282,0.05979,False
dist_ema200,0.51502,0.98882,0.00016,0.01860,0.00061,-0.00833,0.02392,0.10495,False,-0.00563,-0.32154,0.02288,-0.04635,0.07875,0.07696,False,-0.01113,-0.29656,0.03065,-0.09150,0.08787,-0.01365,False
ex_tema,3.19496,0.99995,0.00351,0.40248,-0.00580,0.00699,0.05616,0.00242,False,-0.00249,-0.13237,-0.01132,0.00641,0.06423,-0.01389,False,-0.03317,-0.87707,-0.03944,0.02174,0.04890,-0.11675,False
ex_dema,3.19355,0.99997,0.00377,0.43362,-0.00371,0.00650,0.05658,0.00306,False,-0.00243,-0.12968,-0.00752,0.00611,0.06439,-0.01258,False,-0.03341,-0.88568,-0.03768,0.01995,0.04898,-0.11638,False
ex_ama,3.17841,0.99998,0.00333,0.38305,-0.00236,0.00417,0.05759,0.00134,False,-0.00315,-0.16835,-0.00801,0.00334,0.06439,-0.01788,False,-0.03498,-0.92818,-0.04995,0.01976,0.05056,-0.11702,False
ex_env_upper,3.19462,0.99999,0.00404,0.46620,-0.00046,0.00600,0.05759,0.00012,False,-0.00266,-0.14317,-0.00299,0.00614,0.06430,-0.01482,False,-0.03453,-0.92256,-0.04194,0.02346,0.04902,-0.11762,False
ex_env_lower,3.19462,0.99999,0.00404,0.46620,-0.00046,0.00600,0.05759,0.00012,False,-0.00266,-0.14317,-0.00299,0.00614,0.06430,-0.01482,False,-0.03453,-0.92256,-0.04194,0.02346,0.04902,-0.11762,False
ex_env_position,0.12159,0.88615,-0.00941,-1.40886,-0.02688,0.01015,-0.00710,0.02921,False,-0.00431,-0.29336,-0.02049,0.00596,0.00417,0.00352,False,0.01493,0.65223,0.02792,-0.03491,0.00215,0.06584,False
ex_fractal_up,0.39698,-0.15761,0.01232,1.37084,0.00662,-0.01834,-0.05547,-0.07011,False,0.00517,0.80885,0.01383,-0.01549,0.00253,0.03312,False,0.00425,0.90136,0.01199,0.00096,-0.00668,0.01293,False
ex_fractal_down,0.39898,-0.15920,0.00099,0.11010,-0.00361,-0.03269,-0.03488,-0.06521,False,0.00607,1.01566,-0.00177,-0.00620,-0.00798,0.01343,False,0.00165,0.28459,0.01109,-0.00106,-0.00876,0.00136,False
ex_rvi,0.15083,0.96937,0.00068,0.09100,-0.01646,0.01306,-0.00974,0.02511,False,-0.00660,-0.37967,-0.01935,-0.01611,0.00578,0.03903,False,0.01624,0.68217,0.04024,-0.05207,-0.00373,0.04225,False
ex_rvi_signal,0.15860,0.97671,-0.00153,-0.18331,-0.01483,0.00971,-0.01239,0.02883,False,-0.00777,-0.44454,-0.01357,-0.02926,0.01034,0.06389,False,0.01359,0.54831,0.05113,-0.06685,-0.00309,0.03747,False
ex_obv,2.35201,0.99975,-0.00034,-0.03859,-0.04451,0.00589,0.12972,0.04388,False,-0.01128,-0.64676,-0.07794,0.00818,0.15428,0.05320,False,-0.04315,-1.27690,-0.16403,0.03147,0.15633,-0.12093,False
ex_mfi,0.10173,0.94417,-0.00913,-1.19894,-0.01015,-0.00442,-0.02002,0.01890,False,-0.00907,-0.59758,0.03292,-0.03158,-0.00063,0.03929,False,-0.00239,-0.09358,0.09229,-0.06252,0.00311,0.05782,False
ex_ac,0.05310,0.93130,-0.00262,-0.28741,-0.02960,0.02122,-0.00895,-0.01941,False,-0.00299,-0.15834,-0.03994,-0.00388,-0.00679,-0.05680,False,0.00958,0.44410,-0.05113,-0.00731,-0.01405,0.04006,False
ex_adxw,0.18742,0.99486,0.01531,1.79371,0.02315,0.00527,0.06723,0.05147,False,0.00847,0.46248,0.05794,-0.04299,0.04063,0.03996,False,-0.00210,-0.06244,0.13196,-0.06697,0.03465,0.01434,False
ex_adxw_plus_di,0.15388,0.94108,-0.00202,-0.22834,-0.01055,0.00159,-0.00389,0.05213,False,0.00077,0.04396,0.01885,-0.02171,-0.01364,0.04429,False,0.02374,0.74245,0.09063,-0.11075,0.00155,0.08040,False
ex_adxw_minus_di,0.18914,0.94316,0.00115,0.12081,0.01401,-0.03111,0.01850,-0.04302,False,-0.00025,-0.01415,-0.01466,-0.04048,-0.02573,-0.06464,False,-0.01879,-0.57440,-0.03238,-0.02893,-0.03532,-0.09202,False
ex_chv,0.15617,0.83424,0.02702,3.23905,0.02934,-0.01707,-0.05081,-0.08697,False,0.03100,2.43819,-0.00954,-0.03585,-0.00254,0.00753,False,-0.01446,-0.88222,0.04886,-0.04509,0.02325,-0.02713,False
ex_pvt,0.94987,0.99970,-0.00675,-0.70530,-0.01705,-0.00939,0.01923,0.01095,False,-0.02743,-1.47062,-0.03186,-0.05101,0.02607,0.00107,False,-0.05325,-1.39025,-0.07785,-0.09431,0.06281,-0.13707,False
ex_roc,0.15416,0.91483,-0.00318,-0.44190,-0.02886,0.00783,-0.00287,0.03667,False,-0.00840,-0.49317,-0.03569,-0.00330,0.00613,0.04375,False,0.01207,0.48399,0.03508,-0.05800,-0.00085,0.05979,False
ex_wpr,0.22803,0.85755,-0.00722,-1.03050,-0.02668,0.00218,-0.00739,0.02439,False,-0.00361,-0.24895,-0.00133,0.01535,-0.00047,0.01213,False,0.02476,1.08517,0.02550,-0.02501,-0.00123,0.04322,False
candle_hammer,0.75901,0.02291,-0.01124,-1.18083,-0.03029,-0.03983,0.01696,0.02823,False,-0.00022,-0.02251,-0.00919,-0.04113,0.01036,0.02438,False,-0.00140,-0.13208,-0.02553,-0.02242,0.00926,0.00034,False
candle_engulfing,0.01875,-0.10287,-0.00330,-0.37629,-0.01475,-0.00867,-0.01974,0.02854,False,0.00162,0.18997,-0.02169,0.01795,-0.01118,-0.00412,False,0.01133,1.52633,0.00067,-0.00294,-0.00478,0.01381,False
candle_inside,0.47692,-0.04396,0.02876,3.13031,0.02618,0.02071,-0.08682,-0.13539,True,0.00660,0.92104,-0.00803,0.04123,0.02320,0.02041,False,0.00982,1.32589,-0.02147,0.01103,-0.00024,0.00340,False
candle_outside,0.37298,-0.04067,0.00599,0.70195,-0.03381,-0.02631,0.04426,0.06335,False,0.00739,1.04885,-0.01418,-0.00680,-0.00979,-0.01386,False,0.00310,0.35234,-0.01981,0.01903,-0.00861,0.00558,False
candle_star,0.00597,-0.00113,-0.00288,-0.36922,0.02035,0.00076,0.01309,-0.01098,False,0.00536,0.66667,-0.01768,0.01582,-0.00183,0.02830,False,-0.00353,-0.46120,0.00103,0.00281,0.00879,-0.01894,False
candle_soldiers,0.02222,0.45732,0.00010,0.00897,-0.00712,0.00844,0.00784,0.04257,False,0.01300,1.08659,-0.04142,-0.00022,-0.01165,-0.04582,False,0.00379,0.33792,0.00413,0.01119,0.00797,0.02007,False
candle_marubozu,0.01160,0.00196,-0.01344,-1.40516,-0.00956,0.00176,0.00228,0.03231,False,0.00406,0.46948,-0.03673,0.01874,-0.01403,-0.02294,False,0.00352,0.43560,-0.00416,-0.00923,0.00397,0.01627,False
candle_harami,0.01047,-0.04365,-0.01482,-1.84292,-0.00549,-0.00205,-0.00177,-0.01172,False,-0.01884,-2.34911,0.00978,-0.00210,0.00175,-0.03449,False,-0.02189,-2.78317,0.00182,0.00586,0.00534,0.00770,False
candle_piercing,0.01471,-0.03934,-0.01619,-1.83036,0.03511,0.01444,-0.00012,-0.00392,False,-0.00761,-0.88336,0.00988,-0.00401,0.00570,0.00627,False,0.01017,1.13660,0.02589,-0.02665,0.00350,0.00569,False
